split,gloss,label,video_id,path
test,thanksgiving,29,57640,/home/falasoul/notebooks/USD/AAI-590/Capstone/AAI-590-G3-ASL/data/videos/test/thanksgiving/57640.mp4
test,brown,79,69252,/home/falasoul/notebooks/USD/AAI-590/Capstone/AAI-590-G3-ASL/data/videos/test/brown/69252.mp4
test,time,73,58502,/home/falasoul/notebooks/USD/AAI-590/Capstone/AAI-590-G3-ASL/data/videos/test/time/58502.mp4
test,bird,53,06335,/home/falasoul/notebooks/USD/AAI-590/Capstone/AAI-590-G3-ASL/data/videos/test/bird/06335.mp4
test,dog,36,17097,/home/falasoul/notebooks/USD/AAI-590/Capstone/AAI-590-G3-ASL/data/videos/test/dog/17097.mp4
test,before,3,05741,/home/falasoul/notebooks/USD/AAI-590/Capstone/AAI-590-G3-ASL/data/videos/test/before/05741.mp4
test,before,3,05727,/home/falasoul/notebooks/USD/AAI-590/Capstone/AAI-590-G3-ASL/data/videos/test/before/05727.mp4
test,before,3,05739,/home/falasoul/notebooks/USD/AAI-590/Capstone/AAI-590-G3-ASL/data/videos/test/before/05739.mp4
test,no,13,38525,/home/falasoul/notebooks/USD/AAI-590/Capstone/AAI-590-G3-ASL/data/videos/test/no/38525.mp4
test,no,13,38531,/home/falasoul/notebooks/USD/AAI-590/Capstone/AAI-590-G3-ASL/data/videos/test/no/38531.mp4
test,shirt,46,51068,/home/falasoul/notebooks/USD/AAI-590/Capstone/AAI-590-G3-ASL/data/videos/test/shirt/51068.mp4
test,shirt,46,51066,/home/falasoul/notebooks/USD/AAI-590/Capstone/AAI-590-G3-ASL/data/videos/test/shirt/51066.mp4
test,woman,31,63664,/home/falasoul/notebooks/USD/AAI-590/Capstone/AAI-590-G3-ASL/data/videos/test/woman/63664.mp4
test,pull,93,69439,/home/falasoul/notebooks/USD/AAI-590/Capstone/AAI-590-G3-ASL/data/videos/test/pull/69439.mp4
test,wrong,50,64097,/home/falasoul/notebooks/USD/AAI-590/Capstone/AAI-590-G3-ASL/data/videos/test/wrong/64097.mp4
test,candy,8,08925,/home/falasoul/notebooks/USD/AAI-590/Capstone/AAI-590-G3-ASL/data/videos/test/candy/08925.mp4
test,candy,8,08915,/home/falasoul/notebooks/USD/AAI-590/Capstone/AAI-590-G3-ASL/data/videos/test/candy/08915.mp4
test,year,16,64210,/home/falasoul/notebooks/USD/AAI-590/Capstone/AAI-590-G3-ASL/data/videos/test/year/64210.mp4
test,year,16,64209,/home/falasoul/notebooks/USD/AAI-590/Capstone/AAI-590-G3-ASL/data/videos/test/year/64209.mp4
test,what,30,62975,/home/falasoul/notebooks/USD/AAI-590/Capstone/AAI-590-G3-ASL/data/videos/test/what/62975.mp4
test,kiss,42,31749,/home/falasoul/notebooks/USD/AAI-590/Capstone/AAI-590-G3-ASL/data/videos/test/kiss/31749.mp4
test,study,47,55375,/home/falasoul/notebooks/USD/AAI-590/Capstone/AAI-590-G3-ASL/data/videos/test/study/55375.mp4
test,basketball,77,69225,/home/falasoul/notebooks/USD/AAI-590/Capstone/AAI-590-G3-ASL/data/videos/test/basketball/69225.mp4
test,cheat,81,10159,/home/falasoul/notebooks/USD/AAI-590/Capstone/AAI-590-G3-ASL/data/videos/test/cheat/10159.mp4
test,book,0,07072,/home/falasoul/notebooks/USD/AAI-590/Capstone/AAI-590-G3-ASL/data/videos/test/book/07072.mp4
test,fish,38,22117,/home/falasoul/notebooks/USD/AAI-590/Capstone/AAI-590-G3-ASL/data/videos/test/fish/22117.mp4
test,dark,59,14685,/home/falasoul/notebooks/USD/AAI-590/Capstone/AAI-590-G3-ASL/data/videos/test/dark/14685.mp4
test,short,72,51233,/home/falasoul/notebooks/USD/AAI-590/Capstone/AAI-590-G3-ASL/data/videos/test/short/51233.mp4
test,corn,56,13325,/home/falasoul/notebooks/USD/AAI-590/Capstone/AAI-590-G3-ASL/data/videos/test/corn/13325.mp4
test,corn,56,13334,/home/falasoul/notebooks/USD/AAI-590/Capstone/AAI-590-G3-ASL/data/videos/test/corn/13334.mp4
test,cousin,9,13635,/home/falasoul/notebooks/USD/AAI-590/Capstone/AAI-590-G3-ASL/data/videos/test/cousin/13635.mp4
test,last,65,32253,/home/falasoul/notebooks/USD/AAI-590/Capstone/AAI-590-G3-ASL/data/videos/test/last/32253.mp4
test,last,65,32246,/home/falasoul/notebooks/USD/AAI-590/Capstone/AAI-590-G3-ASL/data/videos/test/last/32246.mp4
test,computer,2,12320,/home/falasoul/notebooks/USD/AAI-590/Capstone/AAI-590-G3-ASL/data/videos/test/computer/12320.mp4
test,deaf,10,14883,/home/falasoul/notebooks/USD/AAI-590/Capstone/AAI-590-G3-ASL/data/videos/test/deaf/14883.mp4
test,deaf,10,14888,/home/falasoul/notebooks/USD/AAI-590/Capstone/AAI-590-G3-ASL/data/videos/test/deaf/14888.mp4
test,cow,57,13710,/home/falasoul/notebooks/USD/AAI-590/Capstone/AAI-590-G3-ASL/data/videos/test/cow/13710.mp4
test,secretary,71,50041,/home/falasoul/notebooks/USD/AAI-590/Capstone/AAI-590-G3-ASL/data/videos/test/secretary/50041.mp4
test,tell,98,57278,/home/falasoul/notebooks/USD/AAI-590/Capstone/AAI-590-G3-ASL/data/videos/test/tell/57278.mp4
test,color,55,11772,/home/falasoul/notebooks/USD/AAI-590/Capstone/AAI-590-G3-ASL/data/videos/test/color/11772.mp4
test,pizza,68,69431,/home/falasoul/notebooks/USD/AAI-590/Capstone/AAI-590-G3-ASL/data/videos/test/pizza/69431.mp4
test,work,75,63789,/home/falasoul/notebooks/USD/AAI-590/Capstone/AAI-590-G3-ASL/data/videos/test/work/63789.mp4
test,who,7,63226,/home/falasoul/notebooks/USD/AAI-590/Capstone/AAI-590-G3-ASL/data/videos/test/who/63226.mp4
test,who,7,63233,/home/falasoul/notebooks/USD/AAI-590/Capstone/AAI-590-G3-ASL/data/videos/test/who/63233.mp4
test,thin,14,57943,/home/falasoul/notebooks/USD/AAI-590/Capstone/AAI-590-G3-ASL/data/videos/test/thin/57943.mp4
test,doctor,60,17020,/home/falasoul/notebooks/USD/AAI-590/Capstone/AAI-590-G3-ASL/data/videos/test/doctor/17020.mp4
test,full,85,23767,/home/falasoul/notebooks/USD/AAI-590/Capstone/AAI-590-G3-ASL/data/videos/test/full/23767.mp4
test,apple,52,03004,/home/falasoul/notebooks/USD/AAI-590/Capstone/AAI-590-G3-ASL/data/videos/test/apple/03004.mp4
test,like,23,33286,/home/falasoul/notebooks/USD/AAI-590/Capstone/AAI-590-G3-ASL/data/videos/test/like/33286.mp4
test,like,23,69389,/home/falasoul/notebooks/USD/AAI-590/Capstone/AAI-590-G3-ASL/data/videos/test/like/69389.mp4
test,letter,88,32950,/home/falasoul/notebooks/USD/AAI-590/Capstone/AAI-590-G3-ASL/data/videos/test/letter/32950.mp4
test,clothes,6,11311,/home/falasoul/notebooks/USD/AAI-590/Capstone/AAI-590-G3-ASL/data/videos/test/clothes/11311.mp4
test,blue,33,06845,/home/falasoul/notebooks/USD/AAI-590/Capstone/AAI-590-G3-ASL/data/videos/test/blue/06845.mp4
test,now,26,38991,/home/falasoul/notebooks/USD/AAI-590/Capstone/AAI-590-G3-ASL/data/videos/test/now/38991.mp4
test,drink,1,17713,/home/falasoul/notebooks/USD/AAI-590/Capstone/AAI-590-G3-ASL/data/videos/test/drink/17713.mp4
test,change,54,09950,/home/falasoul/notebooks/USD/AAI-590/Capstone/AAI-590-G3-ASL/data/videos/test/change/09950.mp4
test,go,5,24960,/home/falasoul/notebooks/USD/AAI-590/Capstone/AAI-590-G3-ASL/data/videos/test/go/24960.mp4
test,meet,66,35513,/home/falasoul/notebooks/USD/AAI-590/Capstone/AAI-590-G3-ASL/data/videos/test/meet/35513.mp4
test,right,95,48115,/home/falasoul/notebooks/USD/AAI-590/Capstone/AAI-590-G3-ASL/data/videos/test/right/48115.mp4
test,right,95,48126,/home/falasoul/notebooks/USD/AAI-590/Capstone/AAI-590-G3-ASL/data/videos/test/right/48126.mp4
test,help,12,27209,/home/falasoul/notebooks/USD/AAI-590/Capstone/AAI-590-G3-ASL/data/videos/test/help/27209.mp4
test,help,12,27213,/home/falasoul/notebooks/USD/AAI-590/Capstone/AAI-590-G3-ASL/data/videos/test/help/27213.mp4
test,how,86,69370,/home/falasoul/notebooks/USD/AAI-590/Capstone/AAI-590-G3-ASL/data/videos/test/how/69370.mp4
test,how,86,28201,/home/falasoul/notebooks/USD/AAI-590/Capstone/AAI-590-G3-ASL/data/videos/test/how/28201.mp4
test,yes,17,64293,/home/falasoul/notebooks/USD/AAI-590/Capstone/AAI-590-G3-ASL/data/videos/test/yes/64293.mp4
test,purple,94,69440,/home/falasoul/notebooks/USD/AAI-590/Capstone/AAI-590-G3-ASL/data/videos/test/purple/69440.mp4
test,birthday,78,06360,/home/falasoul/notebooks/USD/AAI-590/Capstone/AAI-590-G3-ASL/data/videos/test/birthday/06360.mp4
test,same,96,49173,/home/falasoul/notebooks/USD/AAI-590/Capstone/AAI-590-G3-ASL/data/videos/test/same/49173.mp4
test,play,69,43171,/home/falasoul/notebooks/USD/AAI-590/Capstone/AAI-590-G3-ASL/data/videos/test/play/43171.mp4
test,play,69,69433,/home/falasoul/notebooks/USD/AAI-590/Capstone/AAI-590-G3-ASL/data/videos/test/play/69433.mp4
test,bowling,34,07400,/home/falasoul/notebooks/USD/AAI-590/Capstone/AAI-590-G3-ASL/data/videos/test/bowling/07400.mp4
test,give,64,24649,/home/falasoul/notebooks/USD/AAI-590/Capstone/AAI-590-G3-ASL/data/videos/test/give/24649.mp4
test,give,64,24636,/home/falasoul/notebooks/USD/AAI-590/Capstone/AAI-590-G3-ASL/data/videos/test/give/24636.mp4
test,city,82,69269,/home/falasoul/notebooks/USD/AAI-590/Capstone/AAI-590-G3-ASL/data/videos/test/city/69269.mp4
test,all,18,01986,/home/falasoul/notebooks/USD/AAI-590/Capstone/AAI-590-G3-ASL/data/videos/test/all/01986.mp4
test,but,80,08429,/home/falasoul/notebooks/USD/AAI-590/Capstone/AAI-590-G3-ASL/data/videos/test/but/08429.mp4
test,tall,48,56843,/home/falasoul/notebooks/USD/AAI-590/Capstone/AAI-590-G3-ASL/data/videos/test/tall/56843.mp4
test,walk,15,62166,/home/falasoul/notebooks/USD/AAI-590/Capstone/AAI-590-G3-ASL/data/videos/test/walk/62166.mp4
test,accident,51,00634,/home/falasoul/notebooks/USD/AAI-590/Capstone/AAI-590-G3-ASL/data/videos/test/accident/00634.mp4
test,white,49,63201,/home/falasoul/notebooks/USD/AAI-590/Capstone/AAI-590-G3-ASL/data/videos/test/white/63201.mp4
test,can,35,69257,/home/falasoul/notebooks/USD/AAI-590/Capstone/AAI-590-G3-ASL/data/videos/test/can/69257.mp4
val,thanksgiving,29,57629,/home/falasoul/notebooks/USD/AAI-590/Capstone/AAI-590-G3-ASL/data/videos/val/thanksgiving/57629.mp4
val,thanksgiving,29,57639,/home/falasoul/notebooks/USD/AAI-590/Capstone/AAI-590-G3-ASL/data/videos/val/thanksgiving/57639.mp4
val,brown,79,07973,/home/falasoul/notebooks/USD/AAI-590/Capstone/AAI-590-G3-ASL/data/videos/val/brown/07973.mp4
val,brown,79,07964,/home/falasoul/notebooks/USD/AAI-590/Capstone/AAI-590-G3-ASL/data/videos/val/brown/07964.mp4
val,time,73,58497,/home/falasoul/notebooks/USD/AAI-590/Capstone/AAI-590-G3-ASL/data/videos/val/time/58497.mp4
val,time,73,69511,/home/falasoul/notebooks/USD/AAI-590/Capstone/AAI-590-G3-ASL/data/videos/val/time/69511.mp4
val,time,73,58507,/home/falasoul/notebooks/USD/AAI-590/Capstone/AAI-590-G3-ASL/data/videos/val/time/58507.mp4
val,bird,53,69233,/home/falasoul/notebooks/USD/AAI-590/Capstone/AAI-590-G3-ASL/data/videos/val/bird/69233.mp4
val,dog,36,17083,/home/falasoul/notebooks/USD/AAI-590/Capstone/AAI-590-G3-ASL/data/videos/val/dog/17083.mp4
val,black,19,69236,/home/falasoul/notebooks/USD/AAI-590/Capstone/AAI-590-G3-ASL/data/videos/val/black/69236.mp4
val,black,19,06476,/home/falasoul/notebooks/USD/AAI-590/Capstone/AAI-590-G3-ASL/data/videos/val/black/06476.mp4
val,before,3,05750,/home/falasoul/notebooks/USD/AAI-590/Capstone/AAI-590-G3-ASL/data/videos/val/before/05750.mp4
val,before,3,05736,/home/falasoul/notebooks/USD/AAI-590/Capstone/AAI-590-G3-ASL/data/videos/val/before/05736.mp4
val,no,13,69411,/home/falasoul/notebooks/USD/AAI-590/Capstone/AAI-590-G3-ASL/data/videos/val/no/69411.mp4
val,no,13,38533,/home/falasoul/notebooks/USD/AAI-590/Capstone/AAI-590-G3-ASL/data/videos/val/no/38533.mp4
val,shirt,46,51081,/home/falasoul/notebooks/USD/AAI-590/Capstone/AAI-590-G3-ASL/data/videos/val/shirt/51081.mp4
val,shirt,46,51067,/home/falasoul/notebooks/USD/AAI-590/Capstone/AAI-590-G3-ASL/data/videos/val/shirt/51067.mp4
val,woman,31,63669,/home/falasoul/notebooks/USD/AAI-590/Capstone/AAI-590-G3-ASL/data/videos/val/woman/63669.mp4
val,pull,93,45267,/home/falasoul/notebooks/USD/AAI-590/Capstone/AAI-590-G3-ASL/data/videos/val/pull/45267.mp4
val,africa,76,01398,/home/falasoul/notebooks/USD/AAI-590/Capstone/AAI-590-G3-ASL/data/videos/val/africa/01398.mp4
val,africa,76,01391,/home/falasoul/notebooks/USD/AAI-590/Capstone/AAI-590-G3-ASL/data/videos/val/africa/01391.mp4
val,candy,8,08929,/home/falasoul/notebooks/USD/AAI-590/Capstone/AAI-590-G3-ASL/data/videos/val/candy/08929.mp4
val,man,45,69395,/home/falasoul/notebooks/USD/AAI-590/Capstone/AAI-590-G3-ASL/data/videos/val/man/69395.mp4
val,year,16,64216,/home/falasoul/notebooks/USD/AAI-590/Capstone/AAI-590-G3-ASL/data/videos/val/year/64216.mp4
val,what,30,62965,/home/falasoul/notebooks/USD/AAI-590/Capstone/AAI-590-G3-ASL/data/videos/val/what/62965.mp4
val,what,30,62988,/home/falasoul/notebooks/USD/AAI-590/Capstone/AAI-590-G3-ASL/data/videos/val/what/62988.mp4
val,what,30,69531,/home/falasoul/notebooks/USD/AAI-590/Capstone/AAI-590-G3-ASL/data/videos/val/what/69531.mp4
val,enjoy,62,19257,/home/falasoul/notebooks/USD/AAI-590/Capstone/AAI-590-G3-ASL/data/videos/val/enjoy/19257.mp4
val,son,97,53274,/home/falasoul/notebooks/USD/AAI-590/Capstone/AAI-590-G3-ASL/data/videos/val/son/53274.mp4
val,basketball,77,05239,/home/falasoul/notebooks/USD/AAI-590/Capstone/AAI-590-G3-ASL/data/videos/val/basketball/05239.mp4
val,book,0,07099,/home/falasoul/notebooks/USD/AAI-590/Capstone/AAI-590-G3-ASL/data/videos/val/book/07099.mp4
val,fish,38,22114,/home/falasoul/notebooks/USD/AAI-590/Capstone/AAI-590-G3-ASL/data/videos/val/fish/22114.mp4
val,family,37,69316,/home/falasoul/notebooks/USD/AAI-590/Capstone/AAI-590-G3-ASL/data/videos/val/family/69316.mp4
val,finish,21,21949,/home/falasoul/notebooks/USD/AAI-590/Capstone/AAI-590-G3-ASL/data/videos/val/finish/21949.mp4
val,finish,21,21942,/home/falasoul/notebooks/USD/AAI-590/Capstone/AAI-590-G3-ASL/data/videos/val/finish/21942.mp4
val,language,43,32154,/home/falasoul/notebooks/USD/AAI-590/Capstone/AAI-590-G3-ASL/data/videos/val/language/32154.mp4
val,short,72,51227,/home/falasoul/notebooks/USD/AAI-590/Capstone/AAI-590-G3-ASL/data/videos/val/short/51227.mp4
val,short,72,51220,/home/falasoul/notebooks/USD/AAI-590/Capstone/AAI-590-G3-ASL/data/videos/val/short/51220.mp4
val,cool,20,13203,/home/falasoul/notebooks/USD/AAI-590/Capstone/AAI-590-G3-ASL/data/videos/val/cool/13203.mp4
val,cousin,9,13641,/home/falasoul/notebooks/USD/AAI-590/Capstone/AAI-590-G3-ASL/data/videos/val/cousin/13641.mp4
val,cousin,9,13634,/home/falasoul/notebooks/USD/AAI-590/Capstone/AAI-590-G3-ASL/data/videos/val/cousin/13634.mp4
val,last,65,32255,/home/falasoul/notebooks/USD/AAI-590/Capstone/AAI-590-G3-ASL/data/videos/val/last/32255.mp4
val,computer,2,12312,/home/falasoul/notebooks/USD/AAI-590/Capstone/AAI-590-G3-ASL/data/videos/val/computer/12312.mp4
val,computer,2,12326,/home/falasoul/notebooks/USD/AAI-590/Capstone/AAI-590-G3-ASL/data/videos/val/computer/12326.mp4
val,deaf,10,14891,/home/falasoul/notebooks/USD/AAI-590/Capstone/AAI-590-G3-ASL/data/videos/val/deaf/14891.mp4
val,deaf,10,14903,/home/falasoul/notebooks/USD/AAI-590/Capstone/AAI-590-G3-ASL/data/videos/val/deaf/14903.mp4
val,deaf,10,14887,/home/falasoul/notebooks/USD/AAI-590/Capstone/AAI-590-G3-ASL/data/videos/val/deaf/14887.mp4
val,thursday,99,58365,/home/falasoul/notebooks/USD/AAI-590/Capstone/AAI-590-G3-ASL/data/videos/val/thursday/58365.mp4
val,thursday,99,58370,/home/falasoul/notebooks/USD/AAI-590/Capstone/AAI-590-G3-ASL/data/videos/val/thursday/58370.mp4
val,school,70,49606,/home/falasoul/notebooks/USD/AAI-590/Capstone/AAI-590-G3-ASL/data/videos/val/school/49606.mp4
val,school,70,69455,/home/falasoul/notebooks/USD/AAI-590/Capstone/AAI-590-G3-ASL/data/videos/val/school/69455.mp4
val,cow,57,13703,/home/falasoul/notebooks/USD/AAI-590/Capstone/AAI-590-G3-ASL/data/videos/val/cow/13703.mp4
val,cow,57,13696,/home/falasoul/notebooks/USD/AAI-590/Capstone/AAI-590-G3-ASL/data/videos/val/cow/13696.mp4
val,secretary,71,50052,/home/falasoul/notebooks/USD/AAI-590/Capstone/AAI-590-G3-ASL/data/videos/val/secretary/50052.mp4
val,tell,98,57282,/home/falasoul/notebooks/USD/AAI-590/Capstone/AAI-590-G3-ASL/data/videos/val/tell/57282.mp4
val,tell,98,57285,/home/falasoul/notebooks/USD/AAI-590/Capstone/AAI-590-G3-ASL/data/videos/val/tell/57285.mp4
val,color,55,69274,/home/falasoul/notebooks/USD/AAI-590/Capstone/AAI-590-G3-ASL/data/videos/val/color/69274.mp4
val,pizza,68,42962,/home/falasoul/notebooks/USD/AAI-590/Capstone/AAI-590-G3-ASL/data/videos/val/pizza/42962.mp4
val,pizza,68,42977,/home/falasoul/notebooks/USD/AAI-590/Capstone/AAI-590-G3-ASL/data/videos/val/pizza/42977.mp4
val,decide,84,15043,/home/falasoul/notebooks/USD/AAI-590/Capstone/AAI-590-G3-ASL/data/videos/val/decide/15043.mp4
val,decide,84,15037,/home/falasoul/notebooks/USD/AAI-590/Capstone/AAI-590-G3-ASL/data/videos/val/decide/15037.mp4
val,work,75,63795,/home/falasoul/notebooks/USD/AAI-590/Capstone/AAI-590-G3-ASL/data/videos/val/work/63795.mp4
val,who,7,63237,/home/falasoul/notebooks/USD/AAI-590/Capstone/AAI-590-G3-ASL/data/videos/val/who/63237.mp4
val,thin,14,57933,/home/falasoul/notebooks/USD/AAI-590/Capstone/AAI-590-G3-ASL/data/videos/val/thin/57933.mp4
val,thin,14,57945,/home/falasoul/notebooks/USD/AAI-590/Capstone/AAI-590-G3-ASL/data/videos/val/thin/57945.mp4
val,thin,14,57948,/home/falasoul/notebooks/USD/AAI-590/Capstone/AAI-590-G3-ASL/data/videos/val/thin/57948.mp4
val,fine,11,21874,/home/falasoul/notebooks/USD/AAI-590/Capstone/AAI-590-G3-ASL/data/videos/val/fine/21874.mp4
val,medicine,89,35457,/home/falasoul/notebooks/USD/AAI-590/Capstone/AAI-590-G3-ASL/data/videos/val/medicine/35457.mp4
val,full,85,23776,/home/falasoul/notebooks/USD/AAI-590/Capstone/AAI-590-G3-ASL/data/videos/val/full/23776.mp4
val,full,85,23775,/home/falasoul/notebooks/USD/AAI-590/Capstone/AAI-590-G3-ASL/data/videos/val/full/23775.mp4
val,apple,52,02999,/home/falasoul/notebooks/USD/AAI-590/Capstone/AAI-590-G3-ASL/data/videos/val/apple/02999.mp4
val,apple,52,69213,/home/falasoul/notebooks/USD/AAI-590/Capstone/AAI-590-G3-ASL/data/videos/val/apple/69213.mp4
val,like,23,33271,/home/falasoul/notebooks/USD/AAI-590/Capstone/AAI-590-G3-ASL/data/videos/val/like/33271.mp4
val,like,23,33270,/home/falasoul/notebooks/USD/AAI-590/Capstone/AAI-590-G3-ASL/data/videos/val/like/33270.mp4
val,paint,91,40840,/home/falasoul/notebooks/USD/AAI-590/Capstone/AAI-590-G3-ASL/data/videos/val/paint/40840.mp4
val,need,90,37882,/home/falasoul/notebooks/USD/AAI-590/Capstone/AAI-590-G3-ASL/data/videos/val/need/37882.mp4
val,orange,27,40118,/home/falasoul/notebooks/USD/AAI-590/Capstone/AAI-590-G3-ASL/data/videos/val/orange/40118.mp4
val,orange,27,69422,/home/falasoul/notebooks/USD/AAI-590/Capstone/AAI-590-G3-ASL/data/videos/val/orange/69422.mp4
val,blue,33,69238,/home/falasoul/notebooks/USD/AAI-590/Capstone/AAI-590-G3-ASL/data/videos/val/blue/69238.mp4
val,now,26,69413,/home/falasoul/notebooks/USD/AAI-590/Capstone/AAI-590-G3-ASL/data/videos/val/now/69413.mp4
val,now,26,39000,/home/falasoul/notebooks/USD/AAI-590/Capstone/AAI-590-G3-ASL/data/videos/val/now/39000.mp4
val,drink,1,17724,/home/falasoul/notebooks/USD/AAI-590/Capstone/AAI-590-G3-ASL/data/videos/val/drink/17724.mp4
val,drink,1,69302,/home/falasoul/notebooks/USD/AAI-590/Capstone/AAI-590-G3-ASL/data/videos/val/drink/69302.mp4
val,drink,1,17734,/home/falasoul/notebooks/USD/AAI-590/Capstone/AAI-590-G3-ASL/data/videos/val/drink/17734.mp4
val,mother,25,69402,/home/falasoul/notebooks/USD/AAI-590/Capstone/AAI-590-G3-ASL/data/videos/val/mother/69402.mp4
val,pink,67,42833,/home/falasoul/notebooks/USD/AAI-590/Capstone/AAI-590-G3-ASL/data/videos/val/pink/42833.mp4
val,change,54,09957,/home/falasoul/notebooks/USD/AAI-590/Capstone/AAI-590-G3-ASL/data/videos/val/change/09957.mp4
val,go,5,24952,/home/falasoul/notebooks/USD/AAI-590/Capstone/AAI-590-G3-ASL/data/videos/val/go/24952.mp4
val,go,5,24948,/home/falasoul/notebooks/USD/AAI-590/Capstone/AAI-590-G3-ASL/data/videos/val/go/24948.mp4
val,go,5,69345,/home/falasoul/notebooks/USD/AAI-590/Capstone/AAI-590-G3-ASL/data/videos/val/go/69345.mp4
val,right,95,48108,/home/falasoul/notebooks/USD/AAI-590/Capstone/AAI-590-G3-ASL/data/videos/val/right/48108.mp4
val,help,12,69364,/home/falasoul/notebooks/USD/AAI-590/Capstone/AAI-590-G3-ASL/data/videos/val/help/69364.mp4
val,paper,92,41031,/home/falasoul/notebooks/USD/AAI-590/Capstone/AAI-590-G3-ASL/data/videos/val/paper/41031.mp4
val,how,86,28203,/home/falasoul/notebooks/USD/AAI-590/Capstone/AAI-590-G3-ASL/data/videos/val/how/28203.mp4
val,yes,17,64287,/home/falasoul/notebooks/USD/AAI-590/Capstone/AAI-590-G3-ASL/data/videos/val/yes/64287.mp4
val,yes,17,69546,/home/falasoul/notebooks/USD/AAI-590/Capstone/AAI-590-G3-ASL/data/videos/val/yes/69546.mp4
val,purple,94,45438,/home/falasoul/notebooks/USD/AAI-590/Capstone/AAI-590-G3-ASL/data/videos/val/purple/45438.mp4
val,hat,40,69359,/home/falasoul/notebooks/USD/AAI-590/Capstone/AAI-590-G3-ASL/data/videos/val/hat/69359.mp4
val,birthday,78,06362,/home/falasoul/notebooks/USD/AAI-590/Capstone/AAI-590-G3-ASL/data/videos/val/birthday/06362.mp4
val,jacket,87,30849,/home/falasoul/notebooks/USD/AAI-590/Capstone/AAI-590-G3-ASL/data/videos/val/jacket/30849.mp4
val,same,96,49182,/home/falasoul/notebooks/USD/AAI-590/Capstone/AAI-590-G3-ASL/data/videos/val/same/49182.mp4
val,play,69,43166,/home/falasoul/notebooks/USD/AAI-590/Capstone/AAI-590-G3-ASL/data/videos/val/play/43166.mp4
val,bowling,34,07398,/home/falasoul/notebooks/USD/AAI-590/Capstone/AAI-590-G3-ASL/data/videos/val/bowling/07398.mp4
val,bowling,34,07388,/home/falasoul/notebooks/USD/AAI-590/Capstone/AAI-590-G3-ASL/data/videos/val/bowling/07388.mp4
val,give,64,24641,/home/falasoul/notebooks/USD/AAI-590/Capstone/AAI-590-G3-ASL/data/videos/val/give/24641.mp4
val,many,24,69396,/home/falasoul/notebooks/USD/AAI-590/Capstone/AAI-590-G3-ASL/data/videos/val/many/69396.mp4
val,cook,83,13159,/home/falasoul/notebooks/USD/AAI-590/Capstone/AAI-590-G3-ASL/data/videos/val/cook/13159.mp4
val,cook,83,13155,/home/falasoul/notebooks/USD/AAI-590/Capstone/AAI-590-G3-ASL/data/videos/val/cook/13155.mp4
val,city,82,10898,/home/falasoul/notebooks/USD/AAI-590/Capstone/AAI-590-G3-ASL/data/videos/val/city/10898.mp4
val,city,82,10904,/home/falasoul/notebooks/USD/AAI-590/Capstone/AAI-590-G3-ASL/data/videos/val/city/10904.mp4
val,want,74,69524,/home/falasoul/notebooks/USD/AAI-590/Capstone/AAI-590-G3-ASL/data/videos/val/want/69524.mp4
val,want,74,62244,/home/falasoul/notebooks/USD/AAI-590/Capstone/AAI-590-G3-ASL/data/videos/val/want/62244.mp4
val,but,80,08426,/home/falasoul/notebooks/USD/AAI-590/Capstone/AAI-590-G3-ASL/data/videos/val/but/08426.mp4
val,tall,48,56845,/home/falasoul/notebooks/USD/AAI-590/Capstone/AAI-590-G3-ASL/data/videos/val/tall/56845.mp4
val,chair,4,09851,/home/falasoul/notebooks/USD/AAI-590/Capstone/AAI-590-G3-ASL/data/videos/val/chair/09851.mp4
val,chair,4,09854,/home/falasoul/notebooks/USD/AAI-590/Capstone/AAI-590-G3-ASL/data/videos/val/chair/09854.mp4
val,walk,15,62158,/home/falasoul/notebooks/USD/AAI-590/Capstone/AAI-590-G3-ASL/data/videos/val/walk/62158.mp4
val,later,44,32320,/home/falasoul/notebooks/USD/AAI-590/Capstone/AAI-590-G3-ASL/data/videos/val/later/32320.mp4
val,graduate,39,25330,/home/falasoul/notebooks/USD/AAI-590/Capstone/AAI-590-G3-ASL/data/videos/val/graduate/25330.mp4
val,white,49,69533,/home/falasoul/notebooks/USD/AAI-590/Capstone/AAI-590-G3-ASL/data/videos/val/white/69533.mp4
val,eat,61,18323,/home/falasoul/notebooks/USD/AAI-590/Capstone/AAI-590-G3-ASL/data/videos/val/eat/18323.mp4
val,eat,61,69307,/home/falasoul/notebooks/USD/AAI-590/Capstone/AAI-590-G3-ASL/data/videos/val/eat/69307.mp4
val,hot,22,69368,/home/falasoul/notebooks/USD/AAI-590/Capstone/AAI-590-G3-ASL/data/videos/val/hot/69368.mp4
val,hot,22,28112,/home/falasoul/notebooks/USD/AAI-590/Capstone/AAI-590-G3-ASL/data/videos/val/hot/28112.mp4
train,thanksgiving,29,57638,/home/falasoul/notebooks/USD/AAI-590/Capstone/AAI-590-G3-ASL/data/videos/train/thanksgiving/57638.mp4
train,thanksgiving,29,57635,/home/falasoul/notebooks/USD/AAI-590/Capstone/AAI-590-G3-ASL/data/videos/train/thanksgiving/57635.mp4
train,thanksgiving,29,57631,/home/falasoul/notebooks/USD/AAI-590/Capstone/AAI-590-G3-ASL/data/videos/train/thanksgiving/57631.mp4
train,thanksgiving,29,57630,/home/falasoul/notebooks/USD/AAI-590/Capstone/AAI-590-G3-ASL/data/videos/train/thanksgiving/57630.mp4
train,thanksgiving,29,57641,/home/falasoul/notebooks/USD/AAI-590/Capstone/AAI-590-G3-ASL/data/videos/train/thanksgiving/57641.mp4
train,thanksgiving,29,57647,/home/falasoul/notebooks/USD/AAI-590/Capstone/AAI-590-G3-ASL/data/videos/train/thanksgiving/57647.mp4
train,thanksgiving,29,57633,/home/falasoul/notebooks/USD/AAI-590/Capstone/AAI-590-G3-ASL/data/videos/train/thanksgiving/57633.mp4
train,thanksgiving,29,57634,/home/falasoul/notebooks/USD/AAI-590/Capstone/AAI-590-G3-ASL/data/videos/train/thanksgiving/57634.mp4
train,brown,79,07960,/home/falasoul/notebooks/USD/AAI-590/Capstone/AAI-590-G3-ASL/data/videos/train/brown/07960.mp4
train,brown,79,07961,/home/falasoul/notebooks/USD/AAI-590/Capstone/AAI-590-G3-ASL/data/videos/train/brown/07961.mp4
train,brown,79,07966,/home/falasoul/notebooks/USD/AAI-590/Capstone/AAI-590-G3-ASL/data/videos/train/brown/07966.mp4
train,brown,79,07963,/home/falasoul/notebooks/USD/AAI-590/Capstone/AAI-590-G3-ASL/data/videos/train/brown/07963.mp4
train,time,73,58499,/home/falasoul/notebooks/USD/AAI-590/Capstone/AAI-590-G3-ASL/data/videos/train/time/58499.mp4
train,time,73,58503,/home/falasoul/notebooks/USD/AAI-590/Capstone/AAI-590-G3-ASL/data/videos/train/time/58503.mp4
train,time,73,58508,/home/falasoul/notebooks/USD/AAI-590/Capstone/AAI-590-G3-ASL/data/videos/train/time/58508.mp4
train,bird,53,06343,/home/falasoul/notebooks/USD/AAI-590/Capstone/AAI-590-G3-ASL/data/videos/train/bird/06343.mp4
train,bird,53,06336,/home/falasoul/notebooks/USD/AAI-590/Capstone/AAI-590-G3-ASL/data/videos/train/bird/06336.mp4
train,bird,53,06331,/home/falasoul/notebooks/USD/AAI-590/Capstone/AAI-590-G3-ASL/data/videos/train/bird/06331.mp4
train,bird,53,06337,/home/falasoul/notebooks/USD/AAI-590/Capstone/AAI-590-G3-ASL/data/videos/train/bird/06337.mp4
train,bird,53,06332,/home/falasoul/notebooks/USD/AAI-590/Capstone/AAI-590-G3-ASL/data/videos/train/bird/06332.mp4
train,dog,36,17091,/home/falasoul/notebooks/USD/AAI-590/Capstone/AAI-590-G3-ASL/data/videos/train/dog/17091.mp4
train,dog,36,17084,/home/falasoul/notebooks/USD/AAI-590/Capstone/AAI-590-G3-ASL/data/videos/train/dog/17084.mp4
train,dog,36,17090,/home/falasoul/notebooks/USD/AAI-590/Capstone/AAI-590-G3-ASL/data/videos/train/dog/17090.mp4
train,dog,36,17085,/home/falasoul/notebooks/USD/AAI-590/Capstone/AAI-590-G3-ASL/data/videos/train/dog/17085.mp4
train,dog,36,17086,/home/falasoul/notebooks/USD/AAI-590/Capstone/AAI-590-G3-ASL/data/videos/train/dog/17086.mp4
train,dog,36,69298,/home/falasoul/notebooks/USD/AAI-590/Capstone/AAI-590-G3-ASL/data/videos/train/dog/69298.mp4
train,dog,36,17087,/home/falasoul/notebooks/USD/AAI-590/Capstone/AAI-590-G3-ASL/data/videos/train/dog/17087.mp4
train,black,19,06472,/home/falasoul/notebooks/USD/AAI-590/Capstone/AAI-590-G3-ASL/data/videos/train/black/06472.mp4
train,black,19,06478,/home/falasoul/notebooks/USD/AAI-590/Capstone/AAI-590-G3-ASL/data/videos/train/black/06478.mp4
train,black,19,06486,/home/falasoul/notebooks/USD/AAI-590/Capstone/AAI-590-G3-ASL/data/videos/train/black/06486.mp4
train,black,19,06474,/home/falasoul/notebooks/USD/AAI-590/Capstone/AAI-590-G3-ASL/data/videos/train/black/06474.mp4
train,black,19,06471,/home/falasoul/notebooks/USD/AAI-590/Capstone/AAI-590-G3-ASL/data/videos/train/black/06471.mp4
train,black,19,06475,/home/falasoul/notebooks/USD/AAI-590/Capstone/AAI-590-G3-ASL/data/videos/train/black/06475.mp4
train,black,19,06477,/home/falasoul/notebooks/USD/AAI-590/Capstone/AAI-590-G3-ASL/data/videos/train/black/06477.mp4
train,before,3,05734,/home/falasoul/notebooks/USD/AAI-590/Capstone/AAI-590-G3-ASL/data/videos/train/before/05734.mp4
train,before,3,05743,/home/falasoul/notebooks/USD/AAI-590/Capstone/AAI-590-G3-ASL/data/videos/train/before/05743.mp4
train,before,3,05740,/home/falasoul/notebooks/USD/AAI-590/Capstone/AAI-590-G3-ASL/data/videos/train/before/05740.mp4
train,before,3,05733,/home/falasoul/notebooks/USD/AAI-590/Capstone/AAI-590-G3-ASL/data/videos/train/before/05733.mp4
train,before,3,05742,/home/falasoul/notebooks/USD/AAI-590/Capstone/AAI-590-G3-ASL/data/videos/train/before/05742.mp4
train,before,3,05732,/home/falasoul/notebooks/USD/AAI-590/Capstone/AAI-590-G3-ASL/data/videos/train/before/05732.mp4
train,no,13,38530,/home/falasoul/notebooks/USD/AAI-590/Capstone/AAI-590-G3-ASL/data/videos/train/no/38530.mp4
train,no,13,38544,/home/falasoul/notebooks/USD/AAI-590/Capstone/AAI-590-G3-ASL/data/videos/train/no/38544.mp4
train,no,13,38524,/home/falasoul/notebooks/USD/AAI-590/Capstone/AAI-590-G3-ASL/data/videos/train/no/38524.mp4
train,no,13,38534,/home/falasoul/notebooks/USD/AAI-590/Capstone/AAI-590-G3-ASL/data/videos/train/no/38534.mp4
train,no,13,38529,/home/falasoul/notebooks/USD/AAI-590/Capstone/AAI-590-G3-ASL/data/videos/train/no/38529.mp4
train,no,13,38532,/home/falasoul/notebooks/USD/AAI-590/Capstone/AAI-590-G3-ASL/data/videos/train/no/38532.mp4
train,shirt,46,51064,/home/falasoul/notebooks/USD/AAI-590/Capstone/AAI-590-G3-ASL/data/videos/train/shirt/51064.mp4
train,shirt,46,51056,/home/falasoul/notebooks/USD/AAI-590/Capstone/AAI-590-G3-ASL/data/videos/train/shirt/51056.mp4
train,shirt,46,51057,/home/falasoul/notebooks/USD/AAI-590/Capstone/AAI-590-G3-ASL/data/videos/train/shirt/51057.mp4
train,shirt,46,51061,/home/falasoul/notebooks/USD/AAI-590/Capstone/AAI-590-G3-ASL/data/videos/train/shirt/51061.mp4
train,shirt,46,51058,/home/falasoul/notebooks/USD/AAI-590/Capstone/AAI-590-G3-ASL/data/videos/train/shirt/51058.mp4
train,shirt,46,51063,/home/falasoul/notebooks/USD/AAI-590/Capstone/AAI-590-G3-ASL/data/videos/train/shirt/51063.mp4
train,shirt,46,51059,/home/falasoul/notebooks/USD/AAI-590/Capstone/AAI-590-G3-ASL/data/videos/train/shirt/51059.mp4
train,woman,31,63665,/home/falasoul/notebooks/USD/AAI-590/Capstone/AAI-590-G3-ASL/data/videos/train/woman/63665.mp4
train,woman,31,63666,/home/falasoul/notebooks/USD/AAI-590/Capstone/AAI-590-G3-ASL/data/videos/train/woman/63666.mp4
train,woman,31,63671,/home/falasoul/notebooks/USD/AAI-590/Capstone/AAI-590-G3-ASL/data/videos/train/woman/63671.mp4
train,woman,31,63673,/home/falasoul/notebooks/USD/AAI-590/Capstone/AAI-590-G3-ASL/data/videos/train/woman/63673.mp4
train,woman,31,63670,/home/falasoul/notebooks/USD/AAI-590/Capstone/AAI-590-G3-ASL/data/videos/train/woman/63670.mp4
train,woman,31,63679,/home/falasoul/notebooks/USD/AAI-590/Capstone/AAI-590-G3-ASL/data/videos/train/woman/63679.mp4
train,woman,31,63672,/home/falasoul/notebooks/USD/AAI-590/Capstone/AAI-590-G3-ASL/data/videos/train/woman/63672.mp4
train,pull,93,45265,/home/falasoul/notebooks/USD/AAI-590/Capstone/AAI-590-G3-ASL/data/videos/train/pull/45265.mp4
train,pull,93,45266,/home/falasoul/notebooks/USD/AAI-590/Capstone/AAI-590-G3-ASL/data/videos/train/pull/45266.mp4
train,pull,93,45261,/home/falasoul/notebooks/USD/AAI-590/Capstone/AAI-590-G3-ASL/data/videos/train/pull/45261.mp4
train,pull,93,45273,/home/falasoul/notebooks/USD/AAI-590/Capstone/AAI-590-G3-ASL/data/videos/train/pull/45273.mp4
train,africa,76,01384,/home/falasoul/notebooks/USD/AAI-590/Capstone/AAI-590-G3-ASL/data/videos/train/africa/01384.mp4
train,africa,76,01390,/home/falasoul/notebooks/USD/AAI-590/Capstone/AAI-590-G3-ASL/data/videos/train/africa/01390.mp4
train,africa,76,01383,/home/falasoul/notebooks/USD/AAI-590/Capstone/AAI-590-G3-ASL/data/videos/train/africa/01383.mp4
train,africa,76,01388,/home/falasoul/notebooks/USD/AAI-590/Capstone/AAI-590-G3-ASL/data/videos/train/africa/01388.mp4
train,wrong,50,64084,/home/falasoul/notebooks/USD/AAI-590/Capstone/AAI-590-G3-ASL/data/videos/train/wrong/64084.mp4
train,wrong,50,64090,/home/falasoul/notebooks/USD/AAI-590/Capstone/AAI-590-G3-ASL/data/videos/train/wrong/64090.mp4
train,wrong,50,64091,/home/falasoul/notebooks/USD/AAI-590/Capstone/AAI-590-G3-ASL/data/videos/train/wrong/64091.mp4
train,wrong,50,64085,/home/falasoul/notebooks/USD/AAI-590/Capstone/AAI-590-G3-ASL/data/videos/train/wrong/64085.mp4
train,wrong,50,64088,/home/falasoul/notebooks/USD/AAI-590/Capstone/AAI-590-G3-ASL/data/videos/train/wrong/64088.mp4
train,wrong,50,64087,/home/falasoul/notebooks/USD/AAI-590/Capstone/AAI-590-G3-ASL/data/videos/train/wrong/64087.mp4
train,wrong,50,64089,/home/falasoul/notebooks/USD/AAI-590/Capstone/AAI-590-G3-ASL/data/videos/train/wrong/64089.mp4
train,candy,8,08916,/home/falasoul/notebooks/USD/AAI-590/Capstone/AAI-590-G3-ASL/data/videos/train/candy/08916.mp4
train,candy,8,08924,/home/falasoul/notebooks/USD/AAI-590/Capstone/AAI-590-G3-ASL/data/videos/train/candy/08924.mp4
train,candy,8,08921,/home/falasoul/notebooks/USD/AAI-590/Capstone/AAI-590-G3-ASL/data/videos/train/candy/08921.mp4
train,man,45,34738,/home/falasoul/notebooks/USD/AAI-590/Capstone/AAI-590-G3-ASL/data/videos/train/man/34738.mp4
train,man,45,34732,/home/falasoul/notebooks/USD/AAI-590/Capstone/AAI-590-G3-ASL/data/videos/train/man/34732.mp4
train,man,45,34742,/home/falasoul/notebooks/USD/AAI-590/Capstone/AAI-590-G3-ASL/data/videos/train/man/34742.mp4
train,man,45,34733,/home/falasoul/notebooks/USD/AAI-590/Capstone/AAI-590-G3-ASL/data/videos/train/man/34733.mp4
train,man,45,34739,/home/falasoul/notebooks/USD/AAI-590/Capstone/AAI-590-G3-ASL/data/videos/train/man/34739.mp4
train,man,45,34741,/home/falasoul/notebooks/USD/AAI-590/Capstone/AAI-590-G3-ASL/data/videos/train/man/34741.mp4
train,man,45,34734,/home/falasoul/notebooks/USD/AAI-590/Capstone/AAI-590-G3-ASL/data/videos/train/man/34734.mp4
train,year,16,64224,/home/falasoul/notebooks/USD/AAI-590/Capstone/AAI-590-G3-ASL/data/videos/train/year/64224.mp4
train,year,16,64218,/home/falasoul/notebooks/USD/AAI-590/Capstone/AAI-590-G3-ASL/data/videos/train/year/64218.mp4
train,year,16,64219,/home/falasoul/notebooks/USD/AAI-590/Capstone/AAI-590-G3-ASL/data/videos/train/year/64219.mp4
train,year,16,64213,/home/falasoul/notebooks/USD/AAI-590/Capstone/AAI-590-G3-ASL/data/videos/train/year/64213.mp4
train,what,30,62970,/home/falasoul/notebooks/USD/AAI-590/Capstone/AAI-590-G3-ASL/data/videos/train/what/62970.mp4
train,what,30,62979,/home/falasoul/notebooks/USD/AAI-590/Capstone/AAI-590-G3-ASL/data/videos/train/what/62979.mp4
train,what,30,62973,/home/falasoul/notebooks/USD/AAI-590/Capstone/AAI-590-G3-ASL/data/videos/train/what/62973.mp4
train,what,30,62964,/home/falasoul/notebooks/USD/AAI-590/Capstone/AAI-590-G3-ASL/data/videos/train/what/62964.mp4
train,kiss,42,31754,/home/falasoul/notebooks/USD/AAI-590/Capstone/AAI-590-G3-ASL/data/videos/train/kiss/31754.mp4
train,kiss,42,31767,/home/falasoul/notebooks/USD/AAI-590/Capstone/AAI-590-G3-ASL/data/videos/train/kiss/31767.mp4
train,kiss,42,31756,/home/falasoul/notebooks/USD/AAI-590/Capstone/AAI-590-G3-ASL/data/videos/train/kiss/31756.mp4
train,kiss,42,31753,/home/falasoul/notebooks/USD/AAI-590/Capstone/AAI-590-G3-ASL/data/videos/train/kiss/31753.mp4
train,kiss,42,31755,/home/falasoul/notebooks/USD/AAI-590/Capstone/AAI-590-G3-ASL/data/videos/train/kiss/31755.mp4
train,enjoy,62,19263,/home/falasoul/notebooks/USD/AAI-590/Capstone/AAI-590-G3-ASL/data/videos/train/enjoy/19263.mp4
train,enjoy,62,19264,/home/falasoul/notebooks/USD/AAI-590/Capstone/AAI-590-G3-ASL/data/videos/train/enjoy/19264.mp4
train,enjoy,62,19258,/home/falasoul/notebooks/USD/AAI-590/Capstone/AAI-590-G3-ASL/data/videos/train/enjoy/19258.mp4
train,enjoy,62,19261,/home/falasoul/notebooks/USD/AAI-590/Capstone/AAI-590-G3-ASL/data/videos/train/enjoy/19261.mp4
train,enjoy,62,19269,/home/falasoul/notebooks/USD/AAI-590/Capstone/AAI-590-G3-ASL/data/videos/train/enjoy/19269.mp4
train,study,47,55362,/home/falasoul/notebooks/USD/AAI-590/Capstone/AAI-590-G3-ASL/data/videos/train/study/55362.mp4
train,study,47,55363,/home/falasoul/notebooks/USD/AAI-590/Capstone/AAI-590-G3-ASL/data/videos/train/study/55363.mp4
train,study,47,55368,/home/falasoul/notebooks/USD/AAI-590/Capstone/AAI-590-G3-ASL/data/videos/train/study/55368.mp4
train,study,47,55366,/home/falasoul/notebooks/USD/AAI-590/Capstone/AAI-590-G3-ASL/data/videos/train/study/55366.mp4
train,study,47,55369,/home/falasoul/notebooks/USD/AAI-590/Capstone/AAI-590-G3-ASL/data/videos/train/study/55369.mp4
train,study,47,55367,/home/falasoul/notebooks/USD/AAI-590/Capstone/AAI-590-G3-ASL/data/videos/train/study/55367.mp4
train,study,47,55365,/home/falasoul/notebooks/USD/AAI-590/Capstone/AAI-590-G3-ASL/data/videos/train/study/55365.mp4
train,son,97,53271,/home/falasoul/notebooks/USD/AAI-590/Capstone/AAI-590-G3-ASL/data/videos/train/son/53271.mp4
train,son,97,53279,/home/falasoul/notebooks/USD/AAI-590/Capstone/AAI-590-G3-ASL/data/videos/train/son/53279.mp4
train,son,97,53273,/home/falasoul/notebooks/USD/AAI-590/Capstone/AAI-590-G3-ASL/data/videos/train/son/53273.mp4
train,son,97,53272,/home/falasoul/notebooks/USD/AAI-590/Capstone/AAI-590-G3-ASL/data/videos/train/son/53272.mp4
train,son,97,53275,/home/falasoul/notebooks/USD/AAI-590/Capstone/AAI-590-G3-ASL/data/videos/train/son/53275.mp4
train,son,97,53268,/home/falasoul/notebooks/USD/AAI-590/Capstone/AAI-590-G3-ASL/data/videos/train/son/53268.mp4
train,basketball,77,05238,/home/falasoul/notebooks/USD/AAI-590/Capstone/AAI-590-G3-ASL/data/videos/train/basketball/05238.mp4
train,basketball,77,05243,/home/falasoul/notebooks/USD/AAI-590/Capstone/AAI-590-G3-ASL/data/videos/train/basketball/05243.mp4
train,basketball,77,05237,/home/falasoul/notebooks/USD/AAI-590/Capstone/AAI-590-G3-ASL/data/videos/train/basketball/05237.mp4
train,basketball,77,05234,/home/falasoul/notebooks/USD/AAI-590/Capstone/AAI-590-G3-ASL/data/videos/train/basketball/05234.mp4
train,basketball,77,05229,/home/falasoul/notebooks/USD/AAI-590/Capstone/AAI-590-G3-ASL/data/videos/train/basketball/05229.mp4
train,basketball,77,05230,/home/falasoul/notebooks/USD/AAI-590/Capstone/AAI-590-G3-ASL/data/videos/train/basketball/05230.mp4
train,cheat,81,10147,/home/falasoul/notebooks/USD/AAI-590/Capstone/AAI-590-G3-ASL/data/videos/train/cheat/10147.mp4
train,cheat,81,10158,/home/falasoul/notebooks/USD/AAI-590/Capstone/AAI-590-G3-ASL/data/videos/train/cheat/10158.mp4
train,cheat,81,10157,/home/falasoul/notebooks/USD/AAI-590/Capstone/AAI-590-G3-ASL/data/videos/train/cheat/10157.mp4
train,book,0,07070,/home/falasoul/notebooks/USD/AAI-590/Capstone/AAI-590-G3-ASL/data/videos/train/book/07070.mp4
train,book,0,07074,/home/falasoul/notebooks/USD/AAI-590/Capstone/AAI-590-G3-ASL/data/videos/train/book/07074.mp4
train,book,0,07068,/home/falasoul/notebooks/USD/AAI-590/Capstone/AAI-590-G3-ASL/data/videos/train/book/07068.mp4
train,book,0,68011,/home/falasoul/notebooks/USD/AAI-590/Capstone/AAI-590-G3-ASL/data/videos/train/book/68011.mp4
train,book,0,69241,/home/falasoul/notebooks/USD/AAI-590/Capstone/AAI-590-G3-ASL/data/videos/train/book/69241.mp4
train,fish,38,22119,/home/falasoul/notebooks/USD/AAI-590/Capstone/AAI-590-G3-ASL/data/videos/train/fish/22119.mp4
train,fish,38,22120,/home/falasoul/notebooks/USD/AAI-590/Capstone/AAI-590-G3-ASL/data/videos/train/fish/22120.mp4
train,fish,38,69325,/home/falasoul/notebooks/USD/AAI-590/Capstone/AAI-590-G3-ASL/data/videos/train/fish/69325.mp4
train,fish,38,22130,/home/falasoul/notebooks/USD/AAI-590/Capstone/AAI-590-G3-ASL/data/videos/train/fish/22130.mp4
train,fish,38,22115,/home/falasoul/notebooks/USD/AAI-590/Capstone/AAI-590-G3-ASL/data/videos/train/fish/22115.mp4
train,fish,38,22121,/home/falasoul/notebooks/USD/AAI-590/Capstone/AAI-590-G3-ASL/data/videos/train/fish/22121.mp4
train,dark,59,14679,/home/falasoul/notebooks/USD/AAI-590/Capstone/AAI-590-G3-ASL/data/videos/train/dark/14679.mp4
train,dark,59,69290,/home/falasoul/notebooks/USD/AAI-590/Capstone/AAI-590-G3-ASL/data/videos/train/dark/69290.mp4
train,dark,59,14681,/home/falasoul/notebooks/USD/AAI-590/Capstone/AAI-590-G3-ASL/data/videos/train/dark/14681.mp4
train,dark,59,14671,/home/falasoul/notebooks/USD/AAI-590/Capstone/AAI-590-G3-ASL/data/videos/train/dark/14671.mp4
train,dark,59,14675,/home/falasoul/notebooks/USD/AAI-590/Capstone/AAI-590-G3-ASL/data/videos/train/dark/14675.mp4
train,dark,59,14680,/home/falasoul/notebooks/USD/AAI-590/Capstone/AAI-590-G3-ASL/data/videos/train/dark/14680.mp4
train,dark,59,14676,/home/falasoul/notebooks/USD/AAI-590/Capstone/AAI-590-G3-ASL/data/videos/train/dark/14676.mp4
train,family,37,20983,/home/falasoul/notebooks/USD/AAI-590/Capstone/AAI-590-G3-ASL/data/videos/train/family/20983.mp4
train,family,37,20980,/home/falasoul/notebooks/USD/AAI-590/Capstone/AAI-590-G3-ASL/data/videos/train/family/20980.mp4
train,family,37,20986,/home/falasoul/notebooks/USD/AAI-590/Capstone/AAI-590-G3-ASL/data/videos/train/family/20986.mp4
train,family,37,20992,/home/falasoul/notebooks/USD/AAI-590/Capstone/AAI-590-G3-ASL/data/videos/train/family/20992.mp4
train,family,37,20987,/home/falasoul/notebooks/USD/AAI-590/Capstone/AAI-590-G3-ASL/data/videos/train/family/20987.mp4
train,family,37,20979,/home/falasoul/notebooks/USD/AAI-590/Capstone/AAI-590-G3-ASL/data/videos/train/family/20979.mp4
train,family,37,20985,/home/falasoul/notebooks/USD/AAI-590/Capstone/AAI-590-G3-ASL/data/videos/train/family/20985.mp4
train,finish,21,21941,/home/falasoul/notebooks/USD/AAI-590/Capstone/AAI-590-G3-ASL/data/videos/train/finish/21941.mp4
train,finish,21,21945,/home/falasoul/notebooks/USD/AAI-590/Capstone/AAI-590-G3-ASL/data/videos/train/finish/21945.mp4
train,finish,21,21951,/home/falasoul/notebooks/USD/AAI-590/Capstone/AAI-590-G3-ASL/data/videos/train/finish/21951.mp4
train,finish,21,21950,/home/falasoul/notebooks/USD/AAI-590/Capstone/AAI-590-G3-ASL/data/videos/train/finish/21950.mp4
train,language,43,32163,/home/falasoul/notebooks/USD/AAI-590/Capstone/AAI-590-G3-ASL/data/videos/train/language/32163.mp4
train,language,43,32160,/home/falasoul/notebooks/USD/AAI-590/Capstone/AAI-590-G3-ASL/data/videos/train/language/32160.mp4
train,short,72,51225,/home/falasoul/notebooks/USD/AAI-590/Capstone/AAI-590-G3-ASL/data/videos/train/short/51225.mp4
train,short,72,51232,/home/falasoul/notebooks/USD/AAI-590/Capstone/AAI-590-G3-ASL/data/videos/train/short/51232.mp4
train,short,72,51236,/home/falasoul/notebooks/USD/AAI-590/Capstone/AAI-590-G3-ASL/data/videos/train/short/51236.mp4
train,short,72,51221,/home/falasoul/notebooks/USD/AAI-590/Capstone/AAI-590-G3-ASL/data/videos/train/short/51221.mp4
train,short,72,51226,/home/falasoul/notebooks/USD/AAI-590/Capstone/AAI-590-G3-ASL/data/videos/train/short/51226.mp4
train,short,72,51231,/home/falasoul/notebooks/USD/AAI-590/Capstone/AAI-590-G3-ASL/data/videos/train/short/51231.mp4
train,cool,20,69281,/home/falasoul/notebooks/USD/AAI-590/Capstone/AAI-590-G3-ASL/data/videos/train/cool/69281.mp4
train,cool,20,13213,/home/falasoul/notebooks/USD/AAI-590/Capstone/AAI-590-G3-ASL/data/videos/train/cool/13213.mp4
train,cool,20,13209,/home/falasoul/notebooks/USD/AAI-590/Capstone/AAI-590-G3-ASL/data/videos/train/cool/13209.mp4
train,cool,20,13201,/home/falasoul/notebooks/USD/AAI-590/Capstone/AAI-590-G3-ASL/data/videos/train/cool/13201.mp4
train,cool,20,13217,/home/falasoul/notebooks/USD/AAI-590/Capstone/AAI-590-G3-ASL/data/videos/train/cool/13217.mp4
train,cool,20,13202,/home/falasoul/notebooks/USD/AAI-590/Capstone/AAI-590-G3-ASL/data/videos/train/cool/13202.mp4
train,cool,20,13208,/home/falasoul/notebooks/USD/AAI-590/Capstone/AAI-590-G3-ASL/data/videos/train/cool/13208.mp4
train,corn,56,13337,/home/falasoul/notebooks/USD/AAI-590/Capstone/AAI-590-G3-ASL/data/videos/train/corn/13337.mp4
train,corn,56,13331,/home/falasoul/notebooks/USD/AAI-590/Capstone/AAI-590-G3-ASL/data/videos/train/corn/13331.mp4
train,corn,56,13329,/home/falasoul/notebooks/USD/AAI-590/Capstone/AAI-590-G3-ASL/data/videos/train/corn/13329.mp4
train,corn,56,69282,/home/falasoul/notebooks/USD/AAI-590/Capstone/AAI-590-G3-ASL/data/videos/train/corn/69282.mp4
train,corn,56,13323,/home/falasoul/notebooks/USD/AAI-590/Capstone/AAI-590-G3-ASL/data/videos/train/corn/13323.mp4
train,corn,56,13333,/home/falasoul/notebooks/USD/AAI-590/Capstone/AAI-590-G3-ASL/data/videos/train/corn/13333.mp4
train,cousin,9,13640,/home/falasoul/notebooks/USD/AAI-590/Capstone/AAI-590-G3-ASL/data/videos/train/cousin/13640.mp4
train,cousin,9,13637,/home/falasoul/notebooks/USD/AAI-590/Capstone/AAI-590-G3-ASL/data/videos/train/cousin/13637.mp4
train,cousin,9,13630,/home/falasoul/notebooks/USD/AAI-590/Capstone/AAI-590-G3-ASL/data/videos/train/cousin/13630.mp4
train,cousin,9,13636,/home/falasoul/notebooks/USD/AAI-590/Capstone/AAI-590-G3-ASL/data/videos/train/cousin/13636.mp4
train,cousin,9,13631,/home/falasoul/notebooks/USD/AAI-590/Capstone/AAI-590-G3-ASL/data/videos/train/cousin/13631.mp4
train,cousin,9,13632,/home/falasoul/notebooks/USD/AAI-590/Capstone/AAI-590-G3-ASL/data/videos/train/cousin/13632.mp4
train,cousin,9,13638,/home/falasoul/notebooks/USD/AAI-590/Capstone/AAI-590-G3-ASL/data/videos/train/cousin/13638.mp4
train,cousin,9,13642,/home/falasoul/notebooks/USD/AAI-590/Capstone/AAI-590-G3-ASL/data/videos/train/cousin/13642.mp4
train,last,65,32250,/home/falasoul/notebooks/USD/AAI-590/Capstone/AAI-590-G3-ASL/data/videos/train/last/32250.mp4
train,last,65,32254,/home/falasoul/notebooks/USD/AAI-590/Capstone/AAI-590-G3-ASL/data/videos/train/last/32254.mp4
train,last,65,32249,/home/falasoul/notebooks/USD/AAI-590/Capstone/AAI-590-G3-ASL/data/videos/train/last/32249.mp4
train,last,65,32257,/home/falasoul/notebooks/USD/AAI-590/Capstone/AAI-590-G3-ASL/data/videos/train/last/32257.mp4
train,computer,2,12327,/home/falasoul/notebooks/USD/AAI-590/Capstone/AAI-590-G3-ASL/data/videos/train/computer/12327.mp4
train,computer,2,12313,/home/falasoul/notebooks/USD/AAI-590/Capstone/AAI-590-G3-ASL/data/videos/train/computer/12313.mp4
train,computer,2,12311,/home/falasoul/notebooks/USD/AAI-590/Capstone/AAI-590-G3-ASL/data/videos/train/computer/12311.mp4
train,computer,2,12338,/home/falasoul/notebooks/USD/AAI-590/Capstone/AAI-590-G3-ASL/data/videos/train/computer/12338.mp4
train,computer,2,12328,/home/falasoul/notebooks/USD/AAI-590/Capstone/AAI-590-G3-ASL/data/videos/train/computer/12328.mp4
train,deaf,10,14885,/home/falasoul/notebooks/USD/AAI-590/Capstone/AAI-590-G3-ASL/data/videos/train/deaf/14885.mp4
train,deaf,10,14893,/home/falasoul/notebooks/USD/AAI-590/Capstone/AAI-590-G3-ASL/data/videos/train/deaf/14893.mp4
train,deaf,10,14894,/home/falasoul/notebooks/USD/AAI-590/Capstone/AAI-590-G3-ASL/data/videos/train/deaf/14894.mp4
train,deaf,10,14882,/home/falasoul/notebooks/USD/AAI-590/Capstone/AAI-590-G3-ASL/data/videos/train/deaf/14882.mp4
train,thursday,99,58366,/home/falasoul/notebooks/USD/AAI-590/Capstone/AAI-590-G3-ASL/data/videos/train/thursday/58366.mp4
train,thursday,99,58360,/home/falasoul/notebooks/USD/AAI-590/Capstone/AAI-590-G3-ASL/data/videos/train/thursday/58360.mp4
train,thursday,99,58361,/home/falasoul/notebooks/USD/AAI-590/Capstone/AAI-590-G3-ASL/data/videos/train/thursday/58361.mp4
train,thursday,99,58363,/home/falasoul/notebooks/USD/AAI-590/Capstone/AAI-590-G3-ASL/data/videos/train/thursday/58363.mp4
train,thursday,99,58364,/home/falasoul/notebooks/USD/AAI-590/Capstone/AAI-590-G3-ASL/data/videos/train/thursday/58364.mp4
train,school,70,49599,/home/falasoul/notebooks/USD/AAI-590/Capstone/AAI-590-G3-ASL/data/videos/train/school/49599.mp4
train,school,70,49601,/home/falasoul/notebooks/USD/AAI-590/Capstone/AAI-590-G3-ASL/data/videos/train/school/49601.mp4
train,school,70,49600,/home/falasoul/notebooks/USD/AAI-590/Capstone/AAI-590-G3-ASL/data/videos/train/school/49600.mp4
train,school,70,49595,/home/falasoul/notebooks/USD/AAI-590/Capstone/AAI-590-G3-ASL/data/videos/train/school/49595.mp4
train,school,70,49596,/home/falasoul/notebooks/USD/AAI-590/Capstone/AAI-590-G3-ASL/data/videos/train/school/49596.mp4
train,school,70,49602,/home/falasoul/notebooks/USD/AAI-590/Capstone/AAI-590-G3-ASL/data/videos/train/school/49602.mp4
train,cow,57,13701,/home/falasoul/notebooks/USD/AAI-590/Capstone/AAI-590-G3-ASL/data/videos/train/cow/13701.mp4
train,cow,57,13699,/home/falasoul/notebooks/USD/AAI-590/Capstone/AAI-590-G3-ASL/data/videos/train/cow/13699.mp4
train,cow,57,13702,/home/falasoul/notebooks/USD/AAI-590/Capstone/AAI-590-G3-ASL/data/videos/train/cow/13702.mp4
train,cow,57,69283,/home/falasoul/notebooks/USD/AAI-590/Capstone/AAI-590-G3-ASL/data/videos/train/cow/69283.mp4
train,cow,57,13695,/home/falasoul/notebooks/USD/AAI-590/Capstone/AAI-590-G3-ASL/data/videos/train/cow/13695.mp4
train,forget,63,22955,/home/falasoul/notebooks/USD/AAI-590/Capstone/AAI-590-G3-ASL/data/videos/train/forget/22955.mp4
train,forget,63,22952,/home/falasoul/notebooks/USD/AAI-590/Capstone/AAI-590-G3-ASL/data/videos/train/forget/22952.mp4
train,forget,63,22960,/home/falasoul/notebooks/USD/AAI-590/Capstone/AAI-590-G3-ASL/data/videos/train/forget/22960.mp4
train,secretary,71,50046,/home/falasoul/notebooks/USD/AAI-590/Capstone/AAI-590-G3-ASL/data/videos/train/secretary/50046.mp4
train,secretary,71,50045,/home/falasoul/notebooks/USD/AAI-590/Capstone/AAI-590-G3-ASL/data/videos/train/secretary/50045.mp4
train,secretary,71,50038,/home/falasoul/notebooks/USD/AAI-590/Capstone/AAI-590-G3-ASL/data/videos/train/secretary/50038.mp4
train,secretary,71,50043,/home/falasoul/notebooks/USD/AAI-590/Capstone/AAI-590-G3-ASL/data/videos/train/secretary/50043.mp4
train,secretary,71,50049,/home/falasoul/notebooks/USD/AAI-590/Capstone/AAI-590-G3-ASL/data/videos/train/secretary/50049.mp4
train,secretary,71,50044,/home/falasoul/notebooks/USD/AAI-590/Capstone/AAI-590-G3-ASL/data/videos/train/secretary/50044.mp4
train,secretary,71,50037,/home/falasoul/notebooks/USD/AAI-590/Capstone/AAI-590-G3-ASL/data/videos/train/secretary/50037.mp4
train,dance,58,14627,/home/falasoul/notebooks/USD/AAI-590/Capstone/AAI-590-G3-ASL/data/videos/train/dance/14627.mp4
train,dance,58,14631,/home/falasoul/notebooks/USD/AAI-590/Capstone/AAI-590-G3-ASL/data/videos/train/dance/14631.mp4
train,dance,58,14622,/home/falasoul/notebooks/USD/AAI-590/Capstone/AAI-590-G3-ASL/data/videos/train/dance/14622.mp4
train,dance,58,14625,/home/falasoul/notebooks/USD/AAI-590/Capstone/AAI-590-G3-ASL/data/videos/train/dance/14625.mp4
train,dance,58,14623,/home/falasoul/notebooks/USD/AAI-590/Capstone/AAI-590-G3-ASL/data/videos/train/dance/14623.mp4
train,dance,58,14633,/home/falasoul/notebooks/USD/AAI-590/Capstone/AAI-590-G3-ASL/data/videos/train/dance/14633.mp4
train,tell,98,57284,/home/falasoul/notebooks/USD/AAI-590/Capstone/AAI-590-G3-ASL/data/videos/train/tell/57284.mp4
train,tell,98,57287,/home/falasoul/notebooks/USD/AAI-590/Capstone/AAI-590-G3-ASL/data/videos/train/tell/57287.mp4
train,tell,98,57283,/home/falasoul/notebooks/USD/AAI-590/Capstone/AAI-590-G3-ASL/data/videos/train/tell/57283.mp4
train,tell,98,57276,/home/falasoul/notebooks/USD/AAI-590/Capstone/AAI-590-G3-ASL/data/videos/train/tell/57276.mp4
train,tell,98,57286,/home/falasoul/notebooks/USD/AAI-590/Capstone/AAI-590-G3-ASL/data/videos/train/tell/57286.mp4
train,color,55,11771,/home/falasoul/notebooks/USD/AAI-590/Capstone/AAI-590-G3-ASL/data/videos/train/color/11771.mp4
train,color,55,11767,/home/falasoul/notebooks/USD/AAI-590/Capstone/AAI-590-G3-ASL/data/videos/train/color/11767.mp4
train,color,55,11768,/home/falasoul/notebooks/USD/AAI-590/Capstone/AAI-590-G3-ASL/data/videos/train/color/11768.mp4
train,color,55,11773,/home/falasoul/notebooks/USD/AAI-590/Capstone/AAI-590-G3-ASL/data/videos/train/color/11773.mp4
train,color,55,11780,/home/falasoul/notebooks/USD/AAI-590/Capstone/AAI-590-G3-ASL/data/videos/train/color/11780.mp4
train,color,55,11770,/home/falasoul/notebooks/USD/AAI-590/Capstone/AAI-590-G3-ASL/data/videos/train/color/11770.mp4
train,pizza,68,42956,/home/falasoul/notebooks/USD/AAI-590/Capstone/AAI-590-G3-ASL/data/videos/train/pizza/42956.mp4
train,pizza,68,42966,/home/falasoul/notebooks/USD/AAI-590/Capstone/AAI-590-G3-ASL/data/videos/train/pizza/42966.mp4
train,pizza,68,42958,/home/falasoul/notebooks/USD/AAI-590/Capstone/AAI-590-G3-ASL/data/videos/train/pizza/42958.mp4
train,pizza,68,42969,/home/falasoul/notebooks/USD/AAI-590/Capstone/AAI-590-G3-ASL/data/videos/train/pizza/42969.mp4
train,pizza,68,42967,/home/falasoul/notebooks/USD/AAI-590/Capstone/AAI-590-G3-ASL/data/videos/train/pizza/42967.mp4
train,pizza,68,42959,/home/falasoul/notebooks/USD/AAI-590/Capstone/AAI-590-G3-ASL/data/videos/train/pizza/42959.mp4
train,decide,84,15038,/home/falasoul/notebooks/USD/AAI-590/Capstone/AAI-590-G3-ASL/data/videos/train/decide/15038.mp4
train,decide,84,15033,/home/falasoul/notebooks/USD/AAI-590/Capstone/AAI-590-G3-ASL/data/videos/train/decide/15033.mp4
train,decide,84,15035,/home/falasoul/notebooks/USD/AAI-590/Capstone/AAI-590-G3-ASL/data/videos/train/decide/15035.mp4
train,decide,84,15036,/home/falasoul/notebooks/USD/AAI-590/Capstone/AAI-590-G3-ASL/data/videos/train/decide/15036.mp4
train,decide,84,15032,/home/falasoul/notebooks/USD/AAI-590/Capstone/AAI-590-G3-ASL/data/videos/train/decide/15032.mp4
train,work,75,63790,/home/falasoul/notebooks/USD/AAI-590/Capstone/AAI-590-G3-ASL/data/videos/train/work/63790.mp4
train,work,75,63806,/home/falasoul/notebooks/USD/AAI-590/Capstone/AAI-590-G3-ASL/data/videos/train/work/63806.mp4
train,work,75,63793,/home/falasoul/notebooks/USD/AAI-590/Capstone/AAI-590-G3-ASL/data/videos/train/work/63793.mp4
train,work,75,63794,/home/falasoul/notebooks/USD/AAI-590/Capstone/AAI-590-G3-ASL/data/videos/train/work/63794.mp4
train,work,75,63799,/home/falasoul/notebooks/USD/AAI-590/Capstone/AAI-590-G3-ASL/data/videos/train/work/63799.mp4
train,who,7,63232,/home/falasoul/notebooks/USD/AAI-590/Capstone/AAI-590-G3-ASL/data/videos/train/who/63232.mp4
train,who,7,63236,/home/falasoul/notebooks/USD/AAI-590/Capstone/AAI-590-G3-ASL/data/videos/train/who/63236.mp4
train,who,7,63225,/home/falasoul/notebooks/USD/AAI-590/Capstone/AAI-590-G3-ASL/data/videos/train/who/63225.mp4
train,who,7,63242,/home/falasoul/notebooks/USD/AAI-590/Capstone/AAI-590-G3-ASL/data/videos/train/who/63242.mp4
train,who,7,69534,/home/falasoul/notebooks/USD/AAI-590/Capstone/AAI-590-G3-ASL/data/videos/train/who/69534.mp4
train,who,7,63231,/home/falasoul/notebooks/USD/AAI-590/Capstone/AAI-590-G3-ASL/data/videos/train/who/63231.mp4
train,thin,14,57942,/home/falasoul/notebooks/USD/AAI-590/Capstone/AAI-590-G3-ASL/data/videos/train/thin/57942.mp4
train,thin,14,57947,/home/falasoul/notebooks/USD/AAI-590/Capstone/AAI-590-G3-ASL/data/videos/train/thin/57947.mp4
train,thin,14,57935,/home/falasoul/notebooks/USD/AAI-590/Capstone/AAI-590-G3-ASL/data/videos/train/thin/57935.mp4
train,thin,14,57949,/home/falasoul/notebooks/USD/AAI-590/Capstone/AAI-590-G3-ASL/data/videos/train/thin/57949.mp4
train,thin,14,57934,/home/falasoul/notebooks/USD/AAI-590/Capstone/AAI-590-G3-ASL/data/videos/train/thin/57934.mp4
train,doctor,60,17017,/home/falasoul/notebooks/USD/AAI-590/Capstone/AAI-590-G3-ASL/data/videos/train/doctor/17017.mp4
train,doctor,60,17019,/home/falasoul/notebooks/USD/AAI-590/Capstone/AAI-590-G3-ASL/data/videos/train/doctor/17019.mp4
train,doctor,60,17026,/home/falasoul/notebooks/USD/AAI-590/Capstone/AAI-590-G3-ASL/data/videos/train/doctor/17026.mp4
train,doctor,60,17013,/home/falasoul/notebooks/USD/AAI-590/Capstone/AAI-590-G3-ASL/data/videos/train/doctor/17013.mp4
train,doctor,60,17014,/home/falasoul/notebooks/USD/AAI-590/Capstone/AAI-590-G3-ASL/data/videos/train/doctor/17014.mp4
train,doctor,60,17018,/home/falasoul/notebooks/USD/AAI-590/Capstone/AAI-590-G3-ASL/data/videos/train/doctor/17018.mp4
train,doctor,60,17015,/home/falasoul/notebooks/USD/AAI-590/Capstone/AAI-590-G3-ASL/data/videos/train/doctor/17015.mp4
train,fine,11,21870,/home/falasoul/notebooks/USD/AAI-590/Capstone/AAI-590-G3-ASL/data/videos/train/fine/21870.mp4
train,fine,11,21891,/home/falasoul/notebooks/USD/AAI-590/Capstone/AAI-590-G3-ASL/data/videos/train/fine/21891.mp4
train,fine,11,21871,/home/falasoul/notebooks/USD/AAI-590/Capstone/AAI-590-G3-ASL/data/videos/train/fine/21871.mp4
train,fine,11,21883,/home/falasoul/notebooks/USD/AAI-590/Capstone/AAI-590-G3-ASL/data/videos/train/fine/21883.mp4
train,fine,11,21869,/home/falasoul/notebooks/USD/AAI-590/Capstone/AAI-590-G3-ASL/data/videos/train/fine/21869.mp4
train,fine,11,21878,/home/falasoul/notebooks/USD/AAI-590/Capstone/AAI-590-G3-ASL/data/videos/train/fine/21878.mp4
train,medicine,89,35458,/home/falasoul/notebooks/USD/AAI-590/Capstone/AAI-590-G3-ASL/data/videos/train/medicine/35458.mp4
train,medicine,89,35453,/home/falasoul/notebooks/USD/AAI-590/Capstone/AAI-590-G3-ASL/data/videos/train/medicine/35453.mp4
train,medicine,89,35452,/home/falasoul/notebooks/USD/AAI-590/Capstone/AAI-590-G3-ASL/data/videos/train/medicine/35452.mp4
train,medicine,89,35456,/home/falasoul/notebooks/USD/AAI-590/Capstone/AAI-590-G3-ASL/data/videos/train/medicine/35456.mp4
train,medicine,89,35455,/home/falasoul/notebooks/USD/AAI-590/Capstone/AAI-590-G3-ASL/data/videos/train/medicine/35455.mp4
train,full,85,23773,/home/falasoul/notebooks/USD/AAI-590/Capstone/AAI-590-G3-ASL/data/videos/train/full/23773.mp4
train,full,85,23779,/home/falasoul/notebooks/USD/AAI-590/Capstone/AAI-590-G3-ASL/data/videos/train/full/23779.mp4
train,full,85,23774,/home/falasoul/notebooks/USD/AAI-590/Capstone/AAI-590-G3-ASL/data/videos/train/full/23774.mp4
train,full,85,23766,/home/falasoul/notebooks/USD/AAI-590/Capstone/AAI-590-G3-ASL/data/videos/train/full/23766.mp4
train,full,85,23782,/home/falasoul/notebooks/USD/AAI-590/Capstone/AAI-590-G3-ASL/data/videos/train/full/23782.mp4
train,full,85,23771,/home/falasoul/notebooks/USD/AAI-590/Capstone/AAI-590-G3-ASL/data/videos/train/full/23771.mp4
train,apple,52,03008,/home/falasoul/notebooks/USD/AAI-590/Capstone/AAI-590-G3-ASL/data/videos/train/apple/03008.mp4
train,apple,52,03000,/home/falasoul/notebooks/USD/AAI-590/Capstone/AAI-590-G3-ASL/data/videos/train/apple/03000.mp4
train,apple,52,03001,/home/falasoul/notebooks/USD/AAI-590/Capstone/AAI-590-G3-ASL/data/videos/train/apple/03001.mp4
train,apple,52,03003,/home/falasoul/notebooks/USD/AAI-590/Capstone/AAI-590-G3-ASL/data/videos/train/apple/03003.mp4
train,apple,52,03005,/home/falasoul/notebooks/USD/AAI-590/Capstone/AAI-590-G3-ASL/data/videos/train/apple/03005.mp4
train,apple,52,03002,/home/falasoul/notebooks/USD/AAI-590/Capstone/AAI-590-G3-ASL/data/videos/train/apple/03002.mp4
train,like,23,33267,/home/falasoul/notebooks/USD/AAI-590/Capstone/AAI-590-G3-ASL/data/videos/train/like/33267.mp4
train,like,23,33269,/home/falasoul/notebooks/USD/AAI-590/Capstone/AAI-590-G3-ASL/data/videos/train/like/33269.mp4
train,like,23,33274,/home/falasoul/notebooks/USD/AAI-590/Capstone/AAI-590-G3-ASL/data/videos/train/like/33274.mp4
train,like,23,33266,/home/falasoul/notebooks/USD/AAI-590/Capstone/AAI-590-G3-ASL/data/videos/train/like/33266.mp4
train,like,23,33273,/home/falasoul/notebooks/USD/AAI-590/Capstone/AAI-590-G3-ASL/data/videos/train/like/33273.mp4
train,paint,91,40837,/home/falasoul/notebooks/USD/AAI-590/Capstone/AAI-590-G3-ASL/data/videos/train/paint/40837.mp4
train,paint,91,40841,/home/falasoul/notebooks/USD/AAI-590/Capstone/AAI-590-G3-ASL/data/videos/train/paint/40841.mp4
train,table,28,56558,/home/falasoul/notebooks/USD/AAI-590/Capstone/AAI-590-G3-ASL/data/videos/train/table/56558.mp4
train,table,28,56563,/home/falasoul/notebooks/USD/AAI-590/Capstone/AAI-590-G3-ASL/data/videos/train/table/56563.mp4
train,table,28,56560,/home/falasoul/notebooks/USD/AAI-590/Capstone/AAI-590-G3-ASL/data/videos/train/table/56560.mp4
train,table,28,56556,/home/falasoul/notebooks/USD/AAI-590/Capstone/AAI-590-G3-ASL/data/videos/train/table/56556.mp4
train,need,90,37886,/home/falasoul/notebooks/USD/AAI-590/Capstone/AAI-590-G3-ASL/data/videos/train/need/37886.mp4
train,need,90,37881,/home/falasoul/notebooks/USD/AAI-590/Capstone/AAI-590-G3-ASL/data/videos/train/need/37881.mp4
train,need,90,37884,/home/falasoul/notebooks/USD/AAI-590/Capstone/AAI-590-G3-ASL/data/videos/train/need/37884.mp4
train,need,90,37885,/home/falasoul/notebooks/USD/AAI-590/Capstone/AAI-590-G3-ASL/data/videos/train/need/37885.mp4
train,orange,27,40116,/home/falasoul/notebooks/USD/AAI-590/Capstone/AAI-590-G3-ASL/data/videos/train/orange/40116.mp4
train,orange,27,40120,/home/falasoul/notebooks/USD/AAI-590/Capstone/AAI-590-G3-ASL/data/videos/train/orange/40120.mp4
train,orange,27,40129,/home/falasoul/notebooks/USD/AAI-590/Capstone/AAI-590-G3-ASL/data/videos/train/orange/40129.mp4
train,orange,27,40115,/home/falasoul/notebooks/USD/AAI-590/Capstone/AAI-590-G3-ASL/data/videos/train/orange/40115.mp4
train,orange,27,40130,/home/falasoul/notebooks/USD/AAI-590/Capstone/AAI-590-G3-ASL/data/videos/train/orange/40130.mp4
train,orange,27,40121,/home/falasoul/notebooks/USD/AAI-590/Capstone/AAI-590-G3-ASL/data/videos/train/orange/40121.mp4
train,orange,27,40119,/home/falasoul/notebooks/USD/AAI-590/Capstone/AAI-590-G3-ASL/data/videos/train/orange/40119.mp4
train,letter,88,32949,/home/falasoul/notebooks/USD/AAI-590/Capstone/AAI-590-G3-ASL/data/videos/train/letter/32949.mp4
train,letter,88,32955,/home/falasoul/notebooks/USD/AAI-590/Capstone/AAI-590-G3-ASL/data/videos/train/letter/32955.mp4
train,letter,88,32954,/home/falasoul/notebooks/USD/AAI-590/Capstone/AAI-590-G3-ASL/data/videos/train/letter/32954.mp4
train,letter,88,32946,/home/falasoul/notebooks/USD/AAI-590/Capstone/AAI-590-G3-ASL/data/videos/train/letter/32946.mp4
train,letter,88,32945,/home/falasoul/notebooks/USD/AAI-590/Capstone/AAI-590-G3-ASL/data/videos/train/letter/32945.mp4
train,letter,88,32953,/home/falasoul/notebooks/USD/AAI-590/Capstone/AAI-590-G3-ASL/data/videos/train/letter/32953.mp4
train,clothes,6,11330,/home/falasoul/notebooks/USD/AAI-590/Capstone/AAI-590-G3-ASL/data/videos/train/clothes/11330.mp4
train,clothes,6,11310,/home/falasoul/notebooks/USD/AAI-590/Capstone/AAI-590-G3-ASL/data/videos/train/clothes/11310.mp4
train,clothes,6,11312,/home/falasoul/notebooks/USD/AAI-590/Capstone/AAI-590-G3-ASL/data/videos/train/clothes/11312.mp4
train,clothes,6,11309,/home/falasoul/notebooks/USD/AAI-590/Capstone/AAI-590-G3-ASL/data/videos/train/clothes/11309.mp4
train,clothes,6,11313,/home/falasoul/notebooks/USD/AAI-590/Capstone/AAI-590-G3-ASL/data/videos/train/clothes/11313.mp4
train,blue,33,06832,/home/falasoul/notebooks/USD/AAI-590/Capstone/AAI-590-G3-ASL/data/videos/train/blue/06832.mp4
train,blue,33,06833,/home/falasoul/notebooks/USD/AAI-590/Capstone/AAI-590-G3-ASL/data/videos/train/blue/06833.mp4
train,blue,33,06838,/home/falasoul/notebooks/USD/AAI-590/Capstone/AAI-590-G3-ASL/data/videos/train/blue/06838.mp4
train,blue,33,06839,/home/falasoul/notebooks/USD/AAI-590/Capstone/AAI-590-G3-ASL/data/videos/train/blue/06839.mp4
train,blue,33,06835,/home/falasoul/notebooks/USD/AAI-590/Capstone/AAI-590-G3-ASL/data/videos/train/blue/06835.mp4
train,now,26,38996,/home/falasoul/notebooks/USD/AAI-590/Capstone/AAI-590-G3-ASL/data/videos/train/now/38996.mp4
train,now,26,39006,/home/falasoul/notebooks/USD/AAI-590/Capstone/AAI-590-G3-ASL/data/videos/train/now/39006.mp4
train,now,26,38999,/home/falasoul/notebooks/USD/AAI-590/Capstone/AAI-590-G3-ASL/data/videos/train/now/38999.mp4
train,now,26,38997,/home/falasoul/notebooks/USD/AAI-590/Capstone/AAI-590-G3-ASL/data/videos/train/now/38997.mp4
train,now,26,38995,/home/falasoul/notebooks/USD/AAI-590/Capstone/AAI-590-G3-ASL/data/videos/train/now/38995.mp4
train,now,26,38990,/home/falasoul/notebooks/USD/AAI-590/Capstone/AAI-590-G3-ASL/data/videos/train/now/38990.mp4
train,drink,1,17721,/home/falasoul/notebooks/USD/AAI-590/Capstone/AAI-590-G3-ASL/data/videos/train/drink/17721.mp4
train,drink,1,17722,/home/falasoul/notebooks/USD/AAI-590/Capstone/AAI-590-G3-ASL/data/videos/train/drink/17722.mp4
train,drink,1,17709,/home/falasoul/notebooks/USD/AAI-590/Capstone/AAI-590-G3-ASL/data/videos/train/drink/17709.mp4
train,drink,1,17717,/home/falasoul/notebooks/USD/AAI-590/Capstone/AAI-590-G3-ASL/data/videos/train/drink/17717.mp4
train,drink,1,17710,/home/falasoul/notebooks/USD/AAI-590/Capstone/AAI-590-G3-ASL/data/videos/train/drink/17710.mp4
train,drink,1,17720,/home/falasoul/notebooks/USD/AAI-590/Capstone/AAI-590-G3-ASL/data/videos/train/drink/17720.mp4
train,drink,1,17723,/home/falasoul/notebooks/USD/AAI-590/Capstone/AAI-590-G3-ASL/data/videos/train/drink/17723.mp4
train,mother,25,36937,/home/falasoul/notebooks/USD/AAI-590/Capstone/AAI-590-G3-ASL/data/videos/train/mother/36937.mp4
train,mother,25,36933,/home/falasoul/notebooks/USD/AAI-590/Capstone/AAI-590-G3-ASL/data/videos/train/mother/36933.mp4
train,mother,25,36930,/home/falasoul/notebooks/USD/AAI-590/Capstone/AAI-590-G3-ASL/data/videos/train/mother/36930.mp4
train,mother,25,36936,/home/falasoul/notebooks/USD/AAI-590/Capstone/AAI-590-G3-ASL/data/videos/train/mother/36936.mp4
train,mother,25,36929,/home/falasoul/notebooks/USD/AAI-590/Capstone/AAI-590-G3-ASL/data/videos/train/mother/36929.mp4
train,pink,67,69430,/home/falasoul/notebooks/USD/AAI-590/Capstone/AAI-590-G3-ASL/data/videos/train/pink/69430.mp4
train,pink,67,42843,/home/falasoul/notebooks/USD/AAI-590/Capstone/AAI-590-G3-ASL/data/videos/train/pink/42843.mp4
train,pink,67,42835,/home/falasoul/notebooks/USD/AAI-590/Capstone/AAI-590-G3-ASL/data/videos/train/pink/42835.mp4
train,pink,67,42829,/home/falasoul/notebooks/USD/AAI-590/Capstone/AAI-590-G3-ASL/data/videos/train/pink/42829.mp4
train,pink,67,42830,/home/falasoul/notebooks/USD/AAI-590/Capstone/AAI-590-G3-ASL/data/videos/train/pink/42830.mp4
train,pink,67,42836,/home/falasoul/notebooks/USD/AAI-590/Capstone/AAI-590-G3-ASL/data/videos/train/pink/42836.mp4
train,change,54,09962,/home/falasoul/notebooks/USD/AAI-590/Capstone/AAI-590-G3-ASL/data/videos/train/change/09962.mp4
train,change,54,09967,/home/falasoul/notebooks/USD/AAI-590/Capstone/AAI-590-G3-ASL/data/videos/train/change/09967.mp4
train,change,54,09970,/home/falasoul/notebooks/USD/AAI-590/Capstone/AAI-590-G3-ASL/data/videos/train/change/09970.mp4
train,change,54,09953,/home/falasoul/notebooks/USD/AAI-590/Capstone/AAI-590-G3-ASL/data/videos/train/change/09953.mp4
train,change,54,09963,/home/falasoul/notebooks/USD/AAI-590/Capstone/AAI-590-G3-ASL/data/videos/train/change/09963.mp4
train,change,54,09966,/home/falasoul/notebooks/USD/AAI-590/Capstone/AAI-590-G3-ASL/data/videos/train/change/09966.mp4
train,change,54,09960,/home/falasoul/notebooks/USD/AAI-590/Capstone/AAI-590-G3-ASL/data/videos/train/change/09960.mp4
train,go,5,24961,/home/falasoul/notebooks/USD/AAI-590/Capstone/AAI-590-G3-ASL/data/videos/train/go/24961.mp4
train,go,5,24954,/home/falasoul/notebooks/USD/AAI-590/Capstone/AAI-590-G3-ASL/data/videos/train/go/24954.mp4
train,go,5,24973,/home/falasoul/notebooks/USD/AAI-590/Capstone/AAI-590-G3-ASL/data/videos/train/go/24973.mp4
train,go,5,24947,/home/falasoul/notebooks/USD/AAI-590/Capstone/AAI-590-G3-ASL/data/videos/train/go/24947.mp4
train,go,5,24941,/home/falasoul/notebooks/USD/AAI-590/Capstone/AAI-590-G3-ASL/data/videos/train/go/24941.mp4
train,go,5,24962,/home/falasoul/notebooks/USD/AAI-590/Capstone/AAI-590-G3-ASL/data/videos/train/go/24962.mp4
train,go,5,24940,/home/falasoul/notebooks/USD/AAI-590/Capstone/AAI-590-G3-ASL/data/videos/train/go/24940.mp4
train,go,5,24956,/home/falasoul/notebooks/USD/AAI-590/Capstone/AAI-590-G3-ASL/data/videos/train/go/24956.mp4
train,go,5,24955,/home/falasoul/notebooks/USD/AAI-590/Capstone/AAI-590-G3-ASL/data/videos/train/go/24955.mp4
train,meet,66,35516,/home/falasoul/notebooks/USD/AAI-590/Capstone/AAI-590-G3-ASL/data/videos/train/meet/35516.mp4
train,meet,66,35518,/home/falasoul/notebooks/USD/AAI-590/Capstone/AAI-590-G3-ASL/data/videos/train/meet/35518.mp4
train,meet,66,35509,/home/falasoul/notebooks/USD/AAI-590/Capstone/AAI-590-G3-ASL/data/videos/train/meet/35509.mp4
train,meet,66,35517,/home/falasoul/notebooks/USD/AAI-590/Capstone/AAI-590-G3-ASL/data/videos/train/meet/35517.mp4
train,right,95,48105,/home/falasoul/notebooks/USD/AAI-590/Capstone/AAI-590-G3-ASL/data/videos/train/right/48105.mp4
train,right,95,48114,/home/falasoul/notebooks/USD/AAI-590/Capstone/AAI-590-G3-ASL/data/videos/train/right/48114.mp4
train,right,95,48109,/home/falasoul/notebooks/USD/AAI-590/Capstone/AAI-590-G3-ASL/data/videos/train/right/48109.mp4
train,bed,32,05629,/home/falasoul/notebooks/USD/AAI-590/Capstone/AAI-590-G3-ASL/data/videos/train/bed/05629.mp4
train,bed,32,05630,/home/falasoul/notebooks/USD/AAI-590/Capstone/AAI-590-G3-ASL/data/videos/train/bed/05630.mp4
train,bed,32,05637,/home/falasoul/notebooks/USD/AAI-590/Capstone/AAI-590-G3-ASL/data/videos/train/bed/05637.mp4
train,bed,32,05634,/home/falasoul/notebooks/USD/AAI-590/Capstone/AAI-590-G3-ASL/data/videos/train/bed/05634.mp4
train,bed,32,05635,/home/falasoul/notebooks/USD/AAI-590/Capstone/AAI-590-G3-ASL/data/videos/train/bed/05635.mp4
train,bed,32,05638,/home/falasoul/notebooks/USD/AAI-590/Capstone/AAI-590-G3-ASL/data/videos/train/bed/05638.mp4
train,bed,32,05636,/home/falasoul/notebooks/USD/AAI-590/Capstone/AAI-590-G3-ASL/data/videos/train/bed/05636.mp4
train,bed,32,05644,/home/falasoul/notebooks/USD/AAI-590/Capstone/AAI-590-G3-ASL/data/videos/train/bed/05644.mp4
train,help,12,27215,/home/falasoul/notebooks/USD/AAI-590/Capstone/AAI-590-G3-ASL/data/videos/train/help/27215.mp4
train,help,12,27221,/home/falasoul/notebooks/USD/AAI-590/Capstone/AAI-590-G3-ASL/data/videos/train/help/27221.mp4
train,help,12,27214,/home/falasoul/notebooks/USD/AAI-590/Capstone/AAI-590-G3-ASL/data/videos/train/help/27214.mp4
train,help,12,27217,/home/falasoul/notebooks/USD/AAI-590/Capstone/AAI-590-G3-ASL/data/videos/train/help/27217.mp4
train,help,12,27208,/home/falasoul/notebooks/USD/AAI-590/Capstone/AAI-590-G3-ASL/data/videos/train/help/27208.mp4
train,help,12,27216,/home/falasoul/notebooks/USD/AAI-590/Capstone/AAI-590-G3-ASL/data/videos/train/help/27216.mp4
train,help,12,27206,/home/falasoul/notebooks/USD/AAI-590/Capstone/AAI-590-G3-ASL/data/videos/train/help/27206.mp4
train,help,12,27212,/home/falasoul/notebooks/USD/AAI-590/Capstone/AAI-590-G3-ASL/data/videos/train/help/27212.mp4
train,paper,92,41026,/home/falasoul/notebooks/USD/AAI-590/Capstone/AAI-590-G3-ASL/data/videos/train/paper/41026.mp4
train,paper,92,41032,/home/falasoul/notebooks/USD/AAI-590/Capstone/AAI-590-G3-ASL/data/videos/train/paper/41032.mp4
train,paper,92,41030,/home/falasoul/notebooks/USD/AAI-590/Capstone/AAI-590-G3-ASL/data/videos/train/paper/41030.mp4
train,paper,92,41029,/home/falasoul/notebooks/USD/AAI-590/Capstone/AAI-590-G3-ASL/data/videos/train/paper/41029.mp4
train,paper,92,41037,/home/falasoul/notebooks/USD/AAI-590/Capstone/AAI-590-G3-ASL/data/videos/train/paper/41037.mp4
train,paper,92,41025,/home/falasoul/notebooks/USD/AAI-590/Capstone/AAI-590-G3-ASL/data/videos/train/paper/41025.mp4
train,how,86,28202,/home/falasoul/notebooks/USD/AAI-590/Capstone/AAI-590-G3-ASL/data/videos/train/how/28202.mp4
train,how,86,28208,/home/falasoul/notebooks/USD/AAI-590/Capstone/AAI-590-G3-ASL/data/videos/train/how/28208.mp4
train,how,86,28211,/home/falasoul/notebooks/USD/AAI-590/Capstone/AAI-590-G3-ASL/data/videos/train/how/28211.mp4
train,how,86,28214,/home/falasoul/notebooks/USD/AAI-590/Capstone/AAI-590-G3-ASL/data/videos/train/how/28214.mp4
train,how,86,28205,/home/falasoul/notebooks/USD/AAI-590/Capstone/AAI-590-G3-ASL/data/videos/train/how/28205.mp4
train,how,86,28210,/home/falasoul/notebooks/USD/AAI-590/Capstone/AAI-590-G3-ASL/data/videos/train/how/28210.mp4
train,how,86,28207,/home/falasoul/notebooks/USD/AAI-590/Capstone/AAI-590-G3-ASL/data/videos/train/how/28207.mp4
train,yes,17,64288,/home/falasoul/notebooks/USD/AAI-590/Capstone/AAI-590-G3-ASL/data/videos/train/yes/64288.mp4
train,yes,17,64281,/home/falasoul/notebooks/USD/AAI-590/Capstone/AAI-590-G3-ASL/data/videos/train/yes/64281.mp4
train,yes,17,64292,/home/falasoul/notebooks/USD/AAI-590/Capstone/AAI-590-G3-ASL/data/videos/train/yes/64292.mp4
train,yes,17,64280,/home/falasoul/notebooks/USD/AAI-590/Capstone/AAI-590-G3-ASL/data/videos/train/yes/64280.mp4
train,yes,17,64300,/home/falasoul/notebooks/USD/AAI-590/Capstone/AAI-590-G3-ASL/data/videos/train/yes/64300.mp4
train,yes,17,64291,/home/falasoul/notebooks/USD/AAI-590/Capstone/AAI-590-G3-ASL/data/videos/train/yes/64291.mp4
train,yes,17,64290,/home/falasoul/notebooks/USD/AAI-590/Capstone/AAI-590-G3-ASL/data/videos/train/yes/64290.mp4
train,purple,94,45434,/home/falasoul/notebooks/USD/AAI-590/Capstone/AAI-590-G3-ASL/data/videos/train/purple/45434.mp4
train,purple,94,45436,/home/falasoul/notebooks/USD/AAI-590/Capstone/AAI-590-G3-ASL/data/videos/train/purple/45436.mp4
train,purple,94,45437,/home/falasoul/notebooks/USD/AAI-590/Capstone/AAI-590-G3-ASL/data/videos/train/purple/45437.mp4
train,purple,94,45443,/home/falasoul/notebooks/USD/AAI-590/Capstone/AAI-590-G3-ASL/data/videos/train/purple/45443.mp4
train,purple,94,45433,/home/falasoul/notebooks/USD/AAI-590/Capstone/AAI-590-G3-ASL/data/videos/train/purple/45433.mp4
train,hearing,41,26975,/home/falasoul/notebooks/USD/AAI-590/Capstone/AAI-590-G3-ASL/data/videos/train/hearing/26975.mp4
train,hearing,41,26976,/home/falasoul/notebooks/USD/AAI-590/Capstone/AAI-590-G3-ASL/data/videos/train/hearing/26976.mp4
train,hearing,41,26972,/home/falasoul/notebooks/USD/AAI-590/Capstone/AAI-590-G3-ASL/data/videos/train/hearing/26972.mp4
train,hearing,41,26971,/home/falasoul/notebooks/USD/AAI-590/Capstone/AAI-590-G3-ASL/data/videos/train/hearing/26971.mp4
train,hearing,41,26978,/home/falasoul/notebooks/USD/AAI-590/Capstone/AAI-590-G3-ASL/data/videos/train/hearing/26978.mp4
train,hearing,41,26980,/home/falasoul/notebooks/USD/AAI-590/Capstone/AAI-590-G3-ASL/data/videos/train/hearing/26980.mp4
train,hat,40,26712,/home/falasoul/notebooks/USD/AAI-590/Capstone/AAI-590-G3-ASL/data/videos/train/hat/26712.mp4
train,hat,40,26715,/home/falasoul/notebooks/USD/AAI-590/Capstone/AAI-590-G3-ASL/data/videos/train/hat/26715.mp4
train,hat,40,26741,/home/falasoul/notebooks/USD/AAI-590/Capstone/AAI-590-G3-ASL/data/videos/train/hat/26741.mp4
train,hat,40,26716,/home/falasoul/notebooks/USD/AAI-590/Capstone/AAI-590-G3-ASL/data/videos/train/hat/26716.mp4
train,hat,40,26719,/home/falasoul/notebooks/USD/AAI-590/Capstone/AAI-590-G3-ASL/data/videos/train/hat/26719.mp4
train,hat,40,26713,/home/falasoul/notebooks/USD/AAI-590/Capstone/AAI-590-G3-ASL/data/videos/train/hat/26713.mp4
train,hat,40,26717,/home/falasoul/notebooks/USD/AAI-590/Capstone/AAI-590-G3-ASL/data/videos/train/hat/26717.mp4
train,birthday,78,06371,/home/falasoul/notebooks/USD/AAI-590/Capstone/AAI-590-G3-ASL/data/videos/train/birthday/06371.mp4
train,birthday,78,06359,/home/falasoul/notebooks/USD/AAI-590/Capstone/AAI-590-G3-ASL/data/videos/train/birthday/06359.mp4
train,birthday,78,06365,/home/falasoul/notebooks/USD/AAI-590/Capstone/AAI-590-G3-ASL/data/videos/train/birthday/06365.mp4
train,birthday,78,06363,/home/falasoul/notebooks/USD/AAI-590/Capstone/AAI-590-G3-ASL/data/videos/train/birthday/06363.mp4
train,jacket,87,30837,/home/falasoul/notebooks/USD/AAI-590/Capstone/AAI-590-G3-ASL/data/videos/train/jacket/30837.mp4
train,jacket,87,30840,/home/falasoul/notebooks/USD/AAI-590/Capstone/AAI-590-G3-ASL/data/videos/train/jacket/30840.mp4
train,jacket,87,30831,/home/falasoul/notebooks/USD/AAI-590/Capstone/AAI-590-G3-ASL/data/videos/train/jacket/30831.mp4
train,jacket,87,30832,/home/falasoul/notebooks/USD/AAI-590/Capstone/AAI-590-G3-ASL/data/videos/train/jacket/30832.mp4
train,jacket,87,30835,/home/falasoul/notebooks/USD/AAI-590/Capstone/AAI-590-G3-ASL/data/videos/train/jacket/30835.mp4
train,same,96,49183,/home/falasoul/notebooks/USD/AAI-590/Capstone/AAI-590-G3-ASL/data/videos/train/same/49183.mp4
train,same,96,49178,/home/falasoul/notebooks/USD/AAI-590/Capstone/AAI-590-G3-ASL/data/videos/train/same/49178.mp4
train,same,96,49181,/home/falasoul/notebooks/USD/AAI-590/Capstone/AAI-590-G3-ASL/data/videos/train/same/49181.mp4
train,play,69,43167,/home/falasoul/notebooks/USD/AAI-590/Capstone/AAI-590-G3-ASL/data/videos/train/play/43167.mp4
train,play,69,43170,/home/falasoul/notebooks/USD/AAI-590/Capstone/AAI-590-G3-ASL/data/videos/train/play/43170.mp4
train,play,69,43180,/home/falasoul/notebooks/USD/AAI-590/Capstone/AAI-590-G3-ASL/data/videos/train/play/43180.mp4
train,play,69,43173,/home/falasoul/notebooks/USD/AAI-590/Capstone/AAI-590-G3-ASL/data/videos/train/play/43173.mp4
train,play,69,43172,/home/falasoul/notebooks/USD/AAI-590/Capstone/AAI-590-G3-ASL/data/videos/train/play/43172.mp4
train,play,69,43174,/home/falasoul/notebooks/USD/AAI-590/Capstone/AAI-590-G3-ASL/data/videos/train/play/43174.mp4
train,bowling,34,07399,/home/falasoul/notebooks/USD/AAI-590/Capstone/AAI-590-G3-ASL/data/videos/train/bowling/07399.mp4
train,bowling,34,07394,/home/falasoul/notebooks/USD/AAI-590/Capstone/AAI-590-G3-ASL/data/videos/train/bowling/07394.mp4
train,bowling,34,07389,/home/falasoul/notebooks/USD/AAI-590/Capstone/AAI-590-G3-ASL/data/videos/train/bowling/07389.mp4
train,bowling,34,07397,/home/falasoul/notebooks/USD/AAI-590/Capstone/AAI-590-G3-ASL/data/videos/train/bowling/07397.mp4
train,give,64,69343,/home/falasoul/notebooks/USD/AAI-590/Capstone/AAI-590-G3-ASL/data/videos/train/give/69343.mp4
train,give,64,24648,/home/falasoul/notebooks/USD/AAI-590/Capstone/AAI-590-G3-ASL/data/videos/train/give/24648.mp4
train,give,64,24660,/home/falasoul/notebooks/USD/AAI-590/Capstone/AAI-590-G3-ASL/data/videos/train/give/24660.mp4
train,give,64,24651,/home/falasoul/notebooks/USD/AAI-590/Capstone/AAI-590-G3-ASL/data/videos/train/give/24651.mp4
train,many,24,34832,/home/falasoul/notebooks/USD/AAI-590/Capstone/AAI-590-G3-ASL/data/videos/train/many/34832.mp4
train,many,24,34824,/home/falasoul/notebooks/USD/AAI-590/Capstone/AAI-590-G3-ASL/data/videos/train/many/34824.mp4
train,many,24,34823,/home/falasoul/notebooks/USD/AAI-590/Capstone/AAI-590-G3-ASL/data/videos/train/many/34823.mp4
train,many,24,34827,/home/falasoul/notebooks/USD/AAI-590/Capstone/AAI-590-G3-ASL/data/videos/train/many/34827.mp4
train,many,24,34830,/home/falasoul/notebooks/USD/AAI-590/Capstone/AAI-590-G3-ASL/data/videos/train/many/34830.mp4
train,many,24,34831,/home/falasoul/notebooks/USD/AAI-590/Capstone/AAI-590-G3-ASL/data/videos/train/many/34831.mp4
train,many,24,34829,/home/falasoul/notebooks/USD/AAI-590/Capstone/AAI-590-G3-ASL/data/videos/train/many/34829.mp4
train,many,24,34839,/home/falasoul/notebooks/USD/AAI-590/Capstone/AAI-590-G3-ASL/data/videos/train/many/34839.mp4
train,cook,83,13158,/home/falasoul/notebooks/USD/AAI-590/Capstone/AAI-590-G3-ASL/data/videos/train/cook/13158.mp4
train,cook,83,13168,/home/falasoul/notebooks/USD/AAI-590/Capstone/AAI-590-G3-ASL/data/videos/train/cook/13168.mp4
train,cook,83,13161,/home/falasoul/notebooks/USD/AAI-590/Capstone/AAI-590-G3-ASL/data/videos/train/cook/13161.mp4
train,cook,83,13156,/home/falasoul/notebooks/USD/AAI-590/Capstone/AAI-590-G3-ASL/data/videos/train/cook/13156.mp4
train,cook,83,13160,/home/falasoul/notebooks/USD/AAI-590/Capstone/AAI-590-G3-ASL/data/videos/train/cook/13160.mp4
train,city,82,10895,/home/falasoul/notebooks/USD/AAI-590/Capstone/AAI-590-G3-ASL/data/videos/train/city/10895.mp4
train,city,82,10896,/home/falasoul/notebooks/USD/AAI-590/Capstone/AAI-590-G3-ASL/data/videos/train/city/10896.mp4
train,city,82,10893,/home/falasoul/notebooks/USD/AAI-590/Capstone/AAI-590-G3-ASL/data/videos/train/city/10893.mp4
train,want,74,62249,/home/falasoul/notebooks/USD/AAI-590/Capstone/AAI-590-G3-ASL/data/videos/train/want/62249.mp4
train,want,74,62251,/home/falasoul/notebooks/USD/AAI-590/Capstone/AAI-590-G3-ASL/data/videos/train/want/62251.mp4
train,want,74,62248,/home/falasoul/notebooks/USD/AAI-590/Capstone/AAI-590-G3-ASL/data/videos/train/want/62248.mp4
train,want,74,62246,/home/falasoul/notebooks/USD/AAI-590/Capstone/AAI-590-G3-ASL/data/videos/train/want/62246.mp4
train,want,74,62245,/home/falasoul/notebooks/USD/AAI-590/Capstone/AAI-590-G3-ASL/data/videos/train/want/62245.mp4
train,want,74,62259,/home/falasoul/notebooks/USD/AAI-590/Capstone/AAI-590-G3-ASL/data/videos/train/want/62259.mp4
train,want,74,62250,/home/falasoul/notebooks/USD/AAI-590/Capstone/AAI-590-G3-ASL/data/videos/train/want/62250.mp4
train,all,18,02003,/home/falasoul/notebooks/USD/AAI-590/Capstone/AAI-590-G3-ASL/data/videos/train/all/02003.mp4
train,all,18,01992,/home/falasoul/notebooks/USD/AAI-590/Capstone/AAI-590-G3-ASL/data/videos/train/all/01992.mp4
train,all,18,01988,/home/falasoul/notebooks/USD/AAI-590/Capstone/AAI-590-G3-ASL/data/videos/train/all/01988.mp4
train,all,18,01989,/home/falasoul/notebooks/USD/AAI-590/Capstone/AAI-590-G3-ASL/data/videos/train/all/01989.mp4
train,all,18,69206,/home/falasoul/notebooks/USD/AAI-590/Capstone/AAI-590-G3-ASL/data/videos/train/all/69206.mp4
train,all,18,01991,/home/falasoul/notebooks/USD/AAI-590/Capstone/AAI-590-G3-ASL/data/videos/train/all/01991.mp4
train,all,18,01987,/home/falasoul/notebooks/USD/AAI-590/Capstone/AAI-590-G3-ASL/data/videos/train/all/01987.mp4
train,but,80,08431,/home/falasoul/notebooks/USD/AAI-590/Capstone/AAI-590-G3-ASL/data/videos/train/but/08431.mp4
train,but,80,08424,/home/falasoul/notebooks/USD/AAI-590/Capstone/AAI-590-G3-ASL/data/videos/train/but/08424.mp4
train,tall,48,56837,/home/falasoul/notebooks/USD/AAI-590/Capstone/AAI-590-G3-ASL/data/videos/train/tall/56837.mp4
train,tall,48,56848,/home/falasoul/notebooks/USD/AAI-590/Capstone/AAI-590-G3-ASL/data/videos/train/tall/56848.mp4
train,tall,48,56846,/home/falasoul/notebooks/USD/AAI-590/Capstone/AAI-590-G3-ASL/data/videos/train/tall/56846.mp4
train,tall,48,56852,/home/falasoul/notebooks/USD/AAI-590/Capstone/AAI-590-G3-ASL/data/videos/train/tall/56852.mp4
train,tall,48,56844,/home/falasoul/notebooks/USD/AAI-590/Capstone/AAI-590-G3-ASL/data/videos/train/tall/56844.mp4
train,tall,48,56838,/home/falasoul/notebooks/USD/AAI-590/Capstone/AAI-590-G3-ASL/data/videos/train/tall/56838.mp4
train,chair,4,09849,/home/falasoul/notebooks/USD/AAI-590/Capstone/AAI-590-G3-ASL/data/videos/train/chair/09849.mp4
train,chair,4,09848,/home/falasoul/notebooks/USD/AAI-590/Capstone/AAI-590-G3-ASL/data/videos/train/chair/09848.mp4
train,chair,4,09853,/home/falasoul/notebooks/USD/AAI-590/Capstone/AAI-590-G3-ASL/data/videos/train/chair/09853.mp4
train,chair,4,09869,/home/falasoul/notebooks/USD/AAI-590/Capstone/AAI-590-G3-ASL/data/videos/train/chair/09869.mp4
train,walk,15,62164,/home/falasoul/notebooks/USD/AAI-590/Capstone/AAI-590-G3-ASL/data/videos/train/walk/62164.mp4
train,walk,15,62175,/home/falasoul/notebooks/USD/AAI-590/Capstone/AAI-590-G3-ASL/data/videos/train/walk/62175.mp4
train,walk,15,62169,/home/falasoul/notebooks/USD/AAI-590/Capstone/AAI-590-G3-ASL/data/videos/train/walk/62169.mp4
train,walk,15,62170,/home/falasoul/notebooks/USD/AAI-590/Capstone/AAI-590-G3-ASL/data/videos/train/walk/62170.mp4
train,walk,15,62168,/home/falasoul/notebooks/USD/AAI-590/Capstone/AAI-590-G3-ASL/data/videos/train/walk/62168.mp4
train,walk,15,62159,/home/falasoul/notebooks/USD/AAI-590/Capstone/AAI-590-G3-ASL/data/videos/train/walk/62159.mp4
train,later,44,32333,/home/falasoul/notebooks/USD/AAI-590/Capstone/AAI-590-G3-ASL/data/videos/train/later/32333.mp4
train,later,44,32326,/home/falasoul/notebooks/USD/AAI-590/Capstone/AAI-590-G3-ASL/data/videos/train/later/32326.mp4
train,graduate,39,25327,/home/falasoul/notebooks/USD/AAI-590/Capstone/AAI-590-G3-ASL/data/videos/train/graduate/25327.mp4
train,graduate,39,25321,/home/falasoul/notebooks/USD/AAI-590/Capstone/AAI-590-G3-ASL/data/videos/train/graduate/25321.mp4
train,graduate,39,25329,/home/falasoul/notebooks/USD/AAI-590/Capstone/AAI-590-G3-ASL/data/videos/train/graduate/25329.mp4
train,graduate,39,25339,/home/falasoul/notebooks/USD/AAI-590/Capstone/AAI-590-G3-ASL/data/videos/train/graduate/25339.mp4
train,graduate,39,25326,/home/falasoul/notebooks/USD/AAI-590/Capstone/AAI-590-G3-ASL/data/videos/train/graduate/25326.mp4
train,graduate,39,25322,/home/falasoul/notebooks/USD/AAI-590/Capstone/AAI-590-G3-ASL/data/videos/train/graduate/25322.mp4
train,accident,51,00629,/home/falasoul/notebooks/USD/AAI-590/Capstone/AAI-590-G3-ASL/data/videos/train/accident/00629.mp4
train,accident,51,00633,/home/falasoul/notebooks/USD/AAI-590/Capstone/AAI-590-G3-ASL/data/videos/train/accident/00633.mp4
train,accident,51,00631,/home/falasoul/notebooks/USD/AAI-590/Capstone/AAI-590-G3-ASL/data/videos/train/accident/00631.mp4
train,accident,51,00632,/home/falasoul/notebooks/USD/AAI-590/Capstone/AAI-590-G3-ASL/data/videos/train/accident/00632.mp4
train,accident,51,00624,/home/falasoul/notebooks/USD/AAI-590/Capstone/AAI-590-G3-ASL/data/videos/train/accident/00624.mp4
train,accident,51,00623,/home/falasoul/notebooks/USD/AAI-590/Capstone/AAI-590-G3-ASL/data/videos/train/accident/00623.mp4
train,white,49,63214,/home/falasoul/notebooks/USD/AAI-590/Capstone/AAI-590-G3-ASL/data/videos/train/white/63214.mp4
train,white,49,63206,/home/falasoul/notebooks/USD/AAI-590/Capstone/AAI-590-G3-ASL/data/videos/train/white/63206.mp4
train,white,49,63200,/home/falasoul/notebooks/USD/AAI-590/Capstone/AAI-590-G3-ASL/data/videos/train/white/63200.mp4
train,white,49,63207,/home/falasoul/notebooks/USD/AAI-590/Capstone/AAI-590-G3-ASL/data/videos/train/white/63207.mp4
train,white,49,63205,/home/falasoul/notebooks/USD/AAI-590/Capstone/AAI-590-G3-ASL/data/videos/train/white/63205.mp4
train,white,49,63202,/home/falasoul/notebooks/USD/AAI-590/Capstone/AAI-590-G3-ASL/data/videos/train/white/63202.mp4
train,white,49,63208,/home/falasoul/notebooks/USD/AAI-590/Capstone/AAI-590-G3-ASL/data/videos/train/white/63208.mp4
train,eat,61,18329,/home/falasoul/notebooks/USD/AAI-590/Capstone/AAI-590-G3-ASL/data/videos/train/eat/18329.mp4
train,eat,61,18328,/home/falasoul/notebooks/USD/AAI-590/Capstone/AAI-590-G3-ASL/data/videos/train/eat/18328.mp4
train,eat,61,18325,/home/falasoul/notebooks/USD/AAI-590/Capstone/AAI-590-G3-ASL/data/videos/train/eat/18325.mp4
train,eat,61,18335,/home/falasoul/notebooks/USD/AAI-590/Capstone/AAI-590-G3-ASL/data/videos/train/eat/18335.mp4
train,eat,61,18324,/home/falasoul/notebooks/USD/AAI-590/Capstone/AAI-590-G3-ASL/data/videos/train/eat/18324.mp4
train,can,35,08942,/home/falasoul/notebooks/USD/AAI-590/Capstone/AAI-590-G3-ASL/data/videos/train/can/08942.mp4
train,can,35,08939,/home/falasoul/notebooks/USD/AAI-590/Capstone/AAI-590-G3-ASL/data/videos/train/can/08939.mp4
train,can,35,08935,/home/falasoul/notebooks/USD/AAI-590/Capstone/AAI-590-G3-ASL/data/videos/train/can/08935.mp4
train,can,35,08955,/home/falasoul/notebooks/USD/AAI-590/Capstone/AAI-590-G3-ASL/data/videos/train/can/08955.mp4
train,can,35,08937,/home/falasoul/notebooks/USD/AAI-590/Capstone/AAI-590-G3-ASL/data/videos/train/can/08937.mp4
train,can,35,08938,/home/falasoul/notebooks/USD/AAI-590/Capstone/AAI-590-G3-ASL/data/videos/train/can/08938.mp4
train,can,35,08944,/home/falasoul/notebooks/USD/AAI-590/Capstone/AAI-590-G3-ASL/data/videos/train/can/08944.mp4
train,hot,22,28108,/home/falasoul/notebooks/USD/AAI-590/Capstone/AAI-590-G3-ASL/data/videos/train/hot/28108.mp4
train,hot,22,28107,/home/falasoul/notebooks/USD/AAI-590/Capstone/AAI-590-G3-ASL/data/videos/train/hot/28107.mp4
train,hot,22,28116,/home/falasoul/notebooks/USD/AAI-590/Capstone/AAI-590-G3-ASL/data/videos/train/hot/28116.mp4
train,hot,22,28114,/home/falasoul/notebooks/USD/AAI-590/Capstone/AAI-590-G3-ASL/data/videos/train/hot/28114.mp4
train,hot,22,28115,/home/falasoul/notebooks/USD/AAI-590/Capstone/AAI-590-G3-ASL/data/videos/train/hot/28115.mp4
